symbol,market_cap_usd,as_of
AAC,714515111.00,2026-10-05
AACG,52717295.00,2026-10-05
AAME,25904480.00,2026-10-05
AAPG,1434023870.00,2026-10-05
AARD,109205382.00,2026-10-05
AAT,1323260790.00,2026-10-05
ABAT,312245290.00,2026-10-05
ABEO,287635606.00,2026-10-05
ABLV,132529982.00,2026-10-05
ABOS,147527261.00,2026-10-05
ABR,664146633.00,2026-10-05
ABSI,1899767091.00,2026-10-05
ABTC,619695758.00,2026-10-05
ABTS,3800117.00,2026-10-05
ABUS,880422866.00,2026-10-05
ABVC,26961421.00,2026-10-05
ABX,808741899.00,2026-10-05
ACB,242871142.00,2026-10-05
ACCL,36140000.00,2026-10-05
ACCO,396922542.00,2026-10-05
ACCS,18026602.00,2026-10-05
ACDC,834122250.00,2026-10-05
ACET,60849685.00,2026-10-05
ACFN,47732934.00,2026-10-05
ACH,38852256.00,2026-10-05
ACHV,745014028.00,2026-10-05
ACIC,441046155.00,2026-10-05
ACIU,277332986.00,2026-10-05
ACNB,648638135.00,2026-10-05
ACNT,124060168.00,2026-10-05
ACOG,198144346.00,2026-10-05
ACON,6860043.00,2026-10-05
ACR,81515236.00,2026-10-05
ACRE,212492663.00,2026-10-05
ACRS,646203140.00,2026-10-05
ACRV,85278190.00,2026-10-05
ACTG,423526734.00,2026-10-05
ACTU,19667631.00,2026-10-05
ACU,243447761.00,2026-10-05
ACVA,1774493391.00,2026-10-05
ACXP,7060444.00,2026-10-05
ADAG,188247043.00,2026-10-05
ADAM,705280066.00,2026-10-05
ADBT,68043079.00,2026-10-05
ADCT,144264495.00,2026-10-05
ADGM,3400421.00,2026-10-05
ADIG,1353710620.00,2026-10-05
ADIL,10818667.00,2026-10-05
ADNT,1334547893.00,2026-10-05
ADRX,1949124181.00,2026-10-05
ADSE,795623841.00,2026-10-05
ADTN,573629105.00,2026-10-05
ADUR,438454305.00,2026-10-05
ADV,354406437.00,2026-10-05
ADVB,11118855.00,2026-10-05
ADXN,5230399.00,2026-10-05
AEBI,846609279.00,2026-10-05
AEC,68627917.00,2026-10-05
AEHL,190148560.00,2026-10-05
AEI,28841258.00,2026-10-05
AEMD,10346413.00,2026-10-05
AENT,228898539.00,2026-10-05
AEON,13917298.00,2026-10-05
AERT,38886583.00,2026-10-05
AESI,1505041550.00,2026-10-05
AEVA,1028856988.00,2026-10-05
AEYE,86982144.00,2026-10-05
AFCG,79351717.00,2026-10-05
AFRI,303073281.00,2026-10-05
AFYA,1145292995.00,2026-10-05
AGBK,874337493.00,2026-10-05
AGCC,559297500.00,2026-10-05
AGEN,377553618.00,2026-10-05
AGIG,44150321.00,2026-10-05
AGIO,1898519848.00,2026-10-05
AGL,1412812409.00,2026-10-05
AGMB,421562666.00,2026-10-05
AGMH,3617239.00,2026-10-05
AGNT,609980470.00,2026-10-05
AGPU,140020778.00,2026-10-05
AGRO,1457515507.00,2026-10-05
AGRZ,6151191.00,2026-10-05
AHCO,763527498.00,2026-10-05
AHG,985209804.00,2026-10-05
AHMA,39237000.00,2026-10-05
AHRT,449795742.00,2026-10-05
AHT,14751176.00,2026-10-05
AI,1770186215.00,2026-10-05
AIAI,247959908.00,2026-10-05
AIB,124606324.00,2026-10-05
AIBZ,248839968.00,2026-10-05
AIDX,4852715.00,2026-10-05
AIFA,28698813.00,2026-10-05
AIFC,70435651.00,2026-10-05
AIFF,21338830.00,2026-10-05
AIFU,63115715.00,2026-10-05
AII,510604708.00,2026-10-05
AIIO,141652335.00,2026-10-05
AIIR,1185256989.00,2026-10-05
AIM,7181072.00,2026-10-05
AIMD,11560131.00,2026-10-05
AIN,1728992000.00,2026-10-05
AIOS,36781567.00,2026-10-05
AIOT,377174830.00,2026-10-05
AIP,1212090835.00,2026-10-05
AIRE,7928744.00,2026-10-05
AIRG,60392079.00,2026-10-05
AIRI,13193790.00,2026-10-05
AIRJ,294811040.00,2026-10-05
AIRO,207953493.00,2026-10-05
AIRS,127608520.00,2026-10-05
AIRT,79916090.00,2026-10-05
AISP,73011871.00,2026-10-05
AIV,280307213.00,2026-10-05
AIXI,238039.00,2026-10-05
AKA,119252990.00,2026-10-05
AKAN,4728660.00,2026-10-05
AKBA,239696902.00,2026-10-05
AKTS,1030073121.00,2026-10-05
AKTX,19926639.00,2026-10-05
ALAR,12615820.00,2026-10-05
ALCO,284205072.00,2026-10-05
ALDX,70581913.00,2026-10-05
ALEC,202099023.00,2026-10-05
ALG,1959647075.00,2026-10-05
ALGS,34594851.00,2026-10-05
ALHC,1647035083.00,2026-10-05
ALIT,238410973.00,2026-10-05
ALKT,1485424102.00,2026-10-05
ALLO,518236322.00,2026-10-05
ALLR,16547153.00,2026-10-05
ALLT,412421725.00,2026-10-05
ALMS,886631387.00,2026-10-05
ALMU,253411790.00,2026-10-05
ALOY,563681720.00,2026-10-05
ALP,7129301.00,2026-10-05
ALPS,65728124.00,2026-10-05
ALRS,814382274.00,2026-10-05
ALT,532005912.00,2026-10-05
ALTG,211681331.00,2026-10-05
ALTI,453795387.00,2026-10-05
ALTO,292429716.00,2026-10-05
ALX,1245463739.00,2026-10-05
ALXO,168697936.00,2026-10-05
ALZN,6611241.00,2026-10-05
AMAL,1440888084.00,2026-10-05
AMBO,5236964.00,2026-10-05
AMBQ,1648901664.00,2026-10-05
AMBR,170638204.00,2026-10-05
AMCI,69851333.00,2026-10-05
AMCX,460349676.00,2026-10-05
AMIX,7408566.00,2026-10-05
AMOD,197561306.00,2026-10-05
AMPG,91633855.00,2026-10-05
AMPH,1081739916.00,2026-10-05
AMPL,1813781278.00,2026-10-05
AMPX,1412599576.00,2026-10-05
AMPY,180750122.00,2026-10-05
AMRC,1144638171.00,2026-10-05
AMRN,260867000.00,2026-10-05
AMS,9376500.00,2026-10-05
AMSC,1453748711.00,2026-10-05
AMSF,437265608.00,2026-10-05
AMSS,4875295.00,2026-10-05
AMST,6156860.00,2026-10-05
AMTB,1158452202.00,2026-10-05
AMTD,71176221.00,2026-10-05
AMTX,124131702.00,2026-10-05
AMWL,210738512.00,2026-10-05
ANAB,1436899583.00,2026-10-05
ANGH,33773662.00,2026-10-05
ANGI,245365319.00,2026-10-05
ANGO,624532398.00,2026-10-05
ANGX,761965782.00,2026-10-05
ANIK,255614651.00,2026-10-05
ANIP,1657215844.00,2026-10-05
ANIX,102553216.00,2026-10-05
ANL,971764884.00,2026-10-05
ANNA,178714848.00,2026-10-05
ANNX,794336571.00,2026-10-05
ANPA,29750457.00,2026-10-05
ANRO,973204179.00,2026-10-05
ANTA,87232000.00,2026-10-05
ANTX,215473913.00,2026-10-05
ANVS,50361290.00,2026-10-05
AOMR,169932900.00,2026-10-05
AORT,1087751291.00,2026-10-05
AOSL,916425347.00,2026-10-05
AOUT,206357029.00,2026-10-05
AP,200388624.00,2026-10-05
APC,194838457.00,2026-10-05
APEI,800326475.00,2026-10-05
API,341802000.00,2026-10-05
APLM,67379569.00,2026-10-05
APMD,895478056.00,2026-10-05
APOG,743224291.00,2026-10-05
APPS,1359633120.00,2026-10-05
APRE,8750840.00,2026-10-05
APT,51949650.00,2026-10-05
APUS,4967249.00,2026-10-05
APVO,3171467.00,2026-10-05
APWC,54426839.00,2026-10-05
APYX,107416259.00,2026-10-05
AQB,4761678.00,2026-10-05
AQMS,8303027.00,2026-10-05
AQST,571077998.00,2026-10-05
ARAI,11179323.00,2026-10-05
ARAY,33562445.00,2026-10-05
ARBB,8120178.00,2026-10-05
ARBE,78498059.00,2026-10-05
ARBK,30060077.00,2026-10-05
ARCO,1497814335.00,2026-10-05
ARCT,370352589.00,2026-10-05
ARDT,1458414678.00,2026-10-05
ARDX,832286490.00,2026-10-05
AREC,191478577.00,2026-10-05
ARHS,1451537746.00,2026-10-05
ARKO,467814457.00,2026-10-05
ARKR,16227707.00,2026-10-05
ARL,259078770.00,2026-10-05
ARLO,1375298025.00,2026-10-05
ARMP,130880566.00,2026-10-05
AROW,700011492.00,2026-10-05
ARQ,84716857.00,2026-10-05
ARQQ,428447359.00,2026-10-05
ARRY,628351383.00,2026-10-05
ARTL,2015808.00,2026-10-05
ARTNA,347197808.00,2026-10-05
ARTV,333919526.00,2026-10-05
ARTW,16254331.00,2026-10-05
ARVN,484511675.00,2026-10-05
ASAN,1973722409.00,2026-10-05
ASBH,141001700.00,2026-10-05
ASBP,12314450.00,2026-10-05
ASC,787490450.00,2026-10-05
ASIC,1254247706.00,2026-10-05
ASIX,437959237.00,2026-10-05
ASLE,240542886.00,2026-10-05
ASM,942696754.00,2026-10-05
ASMB,458927834.00,2026-10-05
ASPI,446130296.00,2026-10-05
ASPN,472206181.00,2026-10-05
ASPS,72746712.00,2026-10-05
ASRV,78868695.00,2026-10-05
ASTC,14183893.00,2026-10-05
ASTE,967065414.00,2026-10-05
ASTH,1779804652.00,2026-10-05
ASTI,22675956.00,2026-10-05
ASTL,457386606.00,2026-10-05
ASUR,221793239.00,2026-10-05
ASYS,315320899.00,2026-10-05
ATCH,28560868.00,2026-10-05
ATCX,14792508.00,2026-10-05
ATEC,1549144292.00,2026-10-05
ATER,170109968.00,2026-10-05
ATEX,1653693253.00,2026-10-05
ATGL,85605000.00,2026-10-05
ATHE,62818870.00,2026-10-05
ATHR,42221304.00,2026-10-05
ATLC,1393974792.00,2026-10-05
ATLO,286619639.00,2026-10-05
ATLX,72540530.00,2026-10-05
ATNI,429907694.00,2026-10-05
ATNM,36786480.00,2026-10-05
ATOM,183803238.00,2026-10-05
ATOS,23351557.00,2026-10-05
ATPC,2062590.00,2026-10-05
ATRA,95157491.00,2026-10-05
ATS,1771356603.00,2026-10-05
ATTO,783832169.00,2026-10-05
ATTT,15803059.00,2026-10-05
ATXG,6904590.00,2026-10-05
ATYR,28170708.00,2026-10-05
AUBN,94002714.00,2026-10-05
AUC,191853037.00,2026-10-05
AUDC,272712515.00,2026-10-05
AUID,7338557.00,2026-10-05
AUNA,374505603.00,2026-10-05
AURA,631562287.00,2026-10-05
AURE,38728000.00,2026-10-05
AUST,13556071.00,2026-10-05
AUTL,473769321.00,2026-10-05
AUUD,7021691.00,2026-10-05
AUXX,477592294.00,2026-10-05
AVAT,80008413.00,2026-10-05
AVBC,444139605.00,2026-10-05
AVBH,343343585.00,2026-10-05
AVBP,1393929499.00,2026-10-05
AVD,51331100.00,2026-10-05
AVEX,1835614729.00,2026-10-05
AVIR,411450106.00,2026-10-05
AVLN,1247089962.00,2026-10-05
AVNW,265916489.00,2026-10-05
AVO,1123160355.00,2026-10-05
AVR,751404835.00,2026-10-05
AVTX,803913535.00,2026-10-05
AVX,43796075.00,2026-10-05
AVXL,168708252.00,2026-10-05
AWRE,23993901.00,2026-10-05
AWX,9670589.00,2026-10-05
AXG,23116251.00,2026-10-05
AXIL,42095942.00,2026-10-05
AXR,114697247.00,2026-10-05
AYTU,22494086.00,2026-10-05
AZ,272523831.00,2026-10-05
AZI,74975572.00,2026-10-05
AZIO,20305261.00,2026-10-05
AZTA,1697575229.00,2026-10-05
AZTR,7999694.00,2026-10-05
AZUL,1354450371.00,2026-10-05
BAER,40001775.00,2026-10-05
BAFN,209231444.00,2026-10-05
BAK,617836071.00,2026-10-05
BALY,711115565.00,2026-10-05
BANL,9718176.00,2026-10-05
BAOS,7828559.00,2026-10-05
BARK,73351671.00,2026-10-05
BATL,59000620.00,2026-10-05
BBAI,1270660406.00,2026-10-05
BBCP,496375187.00,2026-10-05
BBDC,903620409.00,2026-10-05
BBGI,22744481.00,2026-10-05
BBLG,1310229.00,2026-10-05
BBNX,998089722.00,2026-10-05
BBOT,311877899.00,2026-10-05
BBSI,739415342.00,2026-10-05
BBW,314882203.00,2026-10-05
BCAL,700238783.00,2026-10-05
BCAX,1166628826.00,2026-10-05
BCBP,354890487.00,2026-10-05
BCDA,15744333.00,2026-10-05
BCG,17230732.00,2026-10-05
BCHT,39458949.00,2026-10-05
BCML,340598449.00,2026-10-05
BCSF,716797002.00,2026-10-05
BCTX,35147139.00,2026-10-05
BCYC,236575904.00,2026-10-05
BDL,86445672.00,2026-10-05
BDMD,31785675.00,2026-10-05
BDN,485323774.00,2026-10-05
BDRX,2599809.00,2026-10-05
BDSX,292476991.00,2026-10-05
BDTX,108587582.00,2026-10-05
BEAT,24489350.00,2026-10-05
BEBE,129214800.00,2026-10-05
BEEM,25575646.00,2026-10-05
BEEP,106141000.00,2026-10-05
BENF,22101682.00,2026-10-05
BESS,16395394.00,2026-10-05
BETR,223993246.00,2026-10-05
BFC,1691663628.00,2026-10-05
BFRG,11449469.00,2026-10-05
BFRI,15075144.00,2026-10-05
BFS,745467766.00,2026-10-05
BFST,1005791385.00,2026-10-05
BGDE,31277734.00,2026-10-05
BGIN,262475383.00,2026-10-05
BGL,7767344.00,2026-10-05
BGLC,3725471.00,2026-10-05
BGM,124727406.00,2026-10-05
BGMS,5828059.00,2026-10-05
BGS,218631555.00,2026-10-05
BGSF,52544444.00,2026-10-05
BH,846305828.00,2026-10-05
BHB,661421856.00,2026-10-05
BHM,32905304.00,2026-10-05
BHR,114007668.00,2026-10-05
BHRB,1410266125.00,2026-10-05
BHST,33321728.00,2026-10-05
BHVN,1943933461.00,2026-10-05
BIAF,7063914.00,2026-10-05
BIOA,303378568.00,2026-10-05
BIOT,9690047.00,2026-10-05
BIOX,21812272.00,2026-10-05
BIRD,39737934.00,2026-10-05
BIVI,12676757.00,2026-10-05
BIYA,10209203.00,2026-10-05
BJDX,3737971.00,2026-10-05
BJRI,1317484266.00,2026-10-05
BKKT,349288300.00,2026-10-05
BKSY,897072624.00,2026-10-05
BKTI,286360482.00,2026-10-05
BKYI,3045049.00,2026-10-05
BL,1593213651.00,2026-10-05
BLBD,1772049471.00,2026-10-05
BLDP,719735947.00,2026-10-05
BLFS,1824220059.00,2026-10-05
BLIN,10208422.00,2026-10-05
BLIV,24989045.00,2026-10-05
BLKB,1895490451.00,2026-10-05
BLMN,726065376.00,2026-10-05
BLND,243608719.00,2026-10-05
BLNE,28430163.00,2026-10-05
BLNK,81267138.00,2026-10-05
BLRX,11798372.00,2026-10-05
BLSM,625844858.00,2026-10-05
BLUW,75203100.00,2026-10-05
BLZE,888884000.00,2026-10-05
BMBL,335199518.00,2026-10-05
BMEA,92054492.00,2026-10-05
BMGL,5189324.00,2026-10-05
BMHL,114789621.00,2026-10-05
BMM,516974595.00,2026-10-05
BMR,19567616.00,2026-10-05
BMRA,9850989.00,2026-10-05
BMRC,448742612.00,2026-10-05
BNAI,45169168.00,2026-10-05
BNC,240867023.00,2026-10-05
BNED,405926916.00,2026-10-05
BNGO,17429960.00,2026-10-05
BNKK,14001645.00,2026-10-05
BNR,171378074.00,2026-10-05
BNTC,313246879.00,2026-10-05
BOBS,1854449608.00,2026-10-05
BOC,397971937.00,2026-10-05
BODI,35724031.00,2026-10-05
BOF,63250256.00,2026-10-05
BOLD,59599721.00,2026-10-05
BOLT,6645890.00,2026-10-05
BON,9266843.00,2026-10-05
BOOM,119137504.00,2026-10-05
BORR,1203111203.00,2026-10-05
BOSC,32640620.00,2026-10-05
BOTJ,124033127.00,2026-10-05
BOW,1112485279.00,2026-10-05
BOXL,4003139.00,2026-10-05
BPRN,297873148.00,2026-10-05
BQ,6317087.00,2026-10-05
BRAG,37276085.00,2026-10-05
BRAI,954188496.00,2026-10-05
BRBI,563384367.00,2026-10-05
BRBR,863946981.00,2026-10-05
BRBS,352477192.00,2026-10-05
BRCB,348505846.00,2026-10-05
BRCC,226510151.00,2026-10-05
BRFH,13927179.00,2026-10-05
BRIA,42871938.00,2026-10-05
BRID,50739491.00,2026-10-05
BRLS,25970600.00,2026-10-05
BRLT,141533685.00,2026-10-05
BRN,14170162.00,2026-10-05
BRNX,3543489.00,2026-10-05
BRSL,1817325000.00,2026-10-05
BRSP,482057126.00,2026-10-05
BRT,249950584.00,2026-10-05
BRTX,2955614.00,2026-10-05
BRUN,1312337651.00,2026-10-05
BRVE,1915128871.00,2026-10-05
BSBK,116000335.00,2026-10-05
BSEM,50736414.00,2026-10-05
BSET,179256200.00,2026-10-05
BSIN,74540668.00,2026-10-05
BSRR,515424665.00,2026-10-05
BSVN,528494491.00,2026-10-05
BTBD,11565434.00,2026-10-05
BTBT,587832610.00,2026-10-05
BTCS,75034876.00,2026-10-05
BTCT,13570652.00,2026-10-05
BTGO,867486690.00,2026-10-05
BTLN,14104225.00,2026-10-05
BTMD,41316588.00,2026-10-05
BTOC,10333756.00,2026-10-05
BTQ,466245746.00,2026-10-05
BTTC,8901417.00,2026-10-05
BUDA,96888995.00,2026-10-05
BUR,798662307.00,2026-10-05
BURU,9632839.00,2026-10-05
BUUU,738822000.00,2026-10-05
BV,951928000.00,2026-10-05
BVC,1928640000.00,2026-10-05
BVFL,179830923.00,2026-10-05
BVS,1104126384.00,2026-10-05
BW,849100876.00,2026-10-05
BWAY,501617613.00,2026-10-05
BWB,577473974.00,2026-10-05
BWEN,100543835.00,2026-10-05
BWFG,531331934.00,2026-10-05
BWMN,738492811.00,2026-10-05
BWMX,651503375.00,2026-10-05
BXBL,111748801.00,2026-10-05
BXC,578826380.00,2026-10-05
BXDC,1738223859.00,2026-10-05
BXMT,1837125142.00,2026-10-05
BY,1705335491.00,2026-10-05
BYAH,8049988.00,2026-10-05
BYFC,105960984.00,2026-10-05
BYND,141850220.00,2026-10-05
BYRN,81448544.00,2026-10-05
BYSI,32373634.00,2026-10-05
BZAI,69519379.00,2026-10-05
BZFD,99161554.00,2026-10-05
BZH,891099408.00,2026-10-05
BZUN,183395067.00,2026-10-05
CAAS,139388643.00,2026-10-05
CABA,339090890.00,2026-10-05
CABO,69278624.00,2026-10-05
CABR,12027142.00,2026-10-05
CAC,966342232.00,2026-10-05
CADL,778958992.00,2026-10-05
CAL,421650819.00,2026-10-05
CALC,10925267.00,2026-10-05
CAMP,251012800.00,2026-10-05
CAN,249121478.00,2026-10-05
CANF,6614836.00,2026-10-05
CANG,109528652.00,2026-10-05
CAPL,831413494.00,2026-10-05
CAPR,520343952.00,2026-10-05
CAPS,3836251.00,2026-10-05
CARE,681540878.00,2026-10-05
CARL,389610143.00,2026-10-05
CARS,536933121.00,2026-10-05
CASH,1536397854.00,2026-10-05
CASS,692300415.00,2026-10-05
CAST,59929149.00,2026-10-05
CATO,47788678.00,2026-10-05
CATX,315058590.00,2026-10-05
CBAN,433968734.00,2026-10-05
CBAT,123217712.00,2026-10-05
CBFV,187256370.00,2026-10-05
CBIO,531901221.00,2026-10-05
CBK,436796488.00,2026-10-05
CBL,1692568808.00,2026-10-05
CBLL,909177213.00,2026-10-05
CBNA,310177090.00,2026-10-05
CBNK,658948945.00,2026-10-05
CBRL,1246371497.00,2026-10-05
CBUS,130693528.00,2026-10-05
CCAP,332350487.00,2026-10-05
CCB,614051756.00,2026-10-05
CCBG,849846329.00,2026-10-05
CCCC,362924151.00,2026-10-05
CCEC,1265482440.00,2026-10-05
CCEL,32169974.00,2026-10-05
CCG,13404029.00,2026-10-05
CCHH,20212042.00,2026-10-05
CCLD,85837595.00,2026-10-05
CCM,13763262.00,2026-10-05
CCNE,1010072179.00,2026-10-05
CCO,1216734290.00,2026-10-05
CCOI,433285127.00,2026-10-05
CCS,1702277723.00,2026-10-05
CCSI,647969242.00,2026-10-05
CCTG,6159972.00,2026-10-05
CCU,1956517707.00,2026-10-05
CD,741425612.00,2026-10-05
CDIO,5800559.00,2026-10-05
CDLX,14898451.00,2026-10-05
CDNL,1489785944.00,2026-10-05
CDRE,1070518350.00,2026-10-05
CDRO,431964193.00,2026-10-05
CDT,1113270.00,2026-10-05
CDTG,3232470.00,2026-10-05
CDXS,148927840.00,2026-10-05
CDZI,324313197.00,2026-10-05
CELU,51919627.00,2026-10-05
CELZ,7185596.00,2026-10-05
CENN,66432562.00,2026-10-05
CEPL,146589093.00,2026-10-05
CEPU,1768083617.00,2026-10-05
CERS,459476767.00,2026-10-05
CERT,1427762981.00,2026-10-05
CETX,3686684.00,2026-10-05
CETY,11861953.00,2026-10-05
CEVA,1044516071.00,2026-10-05
CFBK,220821923.00,2026-10-05
CFFI,319641225.00,2026-10-05
CFFN,1078491268.00,2026-10-05
CGC,370327181.00,2026-10-05
CGEM,998141304.00,2026-10-05
CGEN,218490509.00,2026-10-05
CGNT,645889330.00,2026-10-05
CGTL,6464399.00,2026-10-05
CGTX,87971224.00,2026-10-05
CHAI,7377224.00,2026-10-05
CHCI,192992239.00,2026-10-05
CHCT,390265328.00,2026-10-05
CHGA,2811742.00,2026-10-05
CHGG,81938282.00,2026-10-05
CHMG,395023201.00,2026-10-05
CHMI,97541120.00,2026-10-05
CHNR,4760233.00,2026-10-05
CHOW,19874400.00,2026-10-05
CHPT,249439510.00,2026-10-05
CHR,3869997.00,2026-10-05
CHRS,179221121.00,2026-10-05
CHSN,4006570.00,2026-10-05
CHWM,57561307.00,2026-10-05
CIA,179276602.00,2026-10-05
CIGL,92453804.00,2026-10-05
CIIT,2399130.00,2026-10-05
CIM,775171435.00,2026-10-05
CING,69219092.00,2026-10-05
CINT,413736107.00,2026-10-05
CION,344418928.00,2026-10-05
CIRC,58404734.00,2026-10-05
CISO,9464784.00,2026-10-05
CISS,1236503.00,2026-10-05
CITR,67018631.00,2026-10-05
CIVB,561028541.00,2026-10-05
CIX,461390972.00,2026-10-05
CJMB,14035778.00,2026-10-05
CKX,21824761.00,2026-10-05
CLAR,132094135.00,2026-10-05
CLB,455174657.00,2026-10-05
CLDI,3980717.00,2026-10-05
CLDT,637017600.00,2026-10-05
CLFD,454790813.00,2026-10-05
CLGN,6542241.00,2026-10-05
CLIK,9076815.00,2026-10-05
CLIR,23894167.00,2026-10-05
CLLS,143754005.00,2026-10-05
CLMB,612068959.00,2026-10-05
CLNE,343894223.00,2026-10-05
CLNN,57993042.00,2026-10-05
CLPR,50734757.00,2026-10-05
CLPS,30635756.00,2026-10-05
CLPT,332343553.00,2026-10-05
CLRB,16824752.00,2026-10-05
CLRO,10915681.00,2026-10-05
CLST,65750793.00,2026-10-05
CLVT,946702724.00,2026-10-05
CLW,319491005.00,2026-10-05
CLWT,9931362.00,2026-10-05
CLYM,628352630.00,2026-10-05
CMCL,464235247.00,2026-10-05
CMCM,84174763.00,2026-10-05
CMCO,483043123.00,2026-10-05
CMCT,12225341.00,2026-10-05
CMDB,540917159.00,2026-10-05
CMMB,10361219.00,2026-10-05
CMND,2902347.00,2026-10-05
CMP,931975403.00,2026-10-05
CMPR,1827184679.00,2026-10-05
CMPS,1647874182.00,2026-10-05
CMPX,154281317.00,2026-10-05
CMRC,269291721.00,2026-10-05
CMRE,1861890439.00,2026-10-05
CMT,203704763.00,2026-10-05
CMTG,173533573.00,2026-10-05
CMTL,39549089.00,2026-10-05
CMTV,234117704.00,2026-10-05
CNCK,272353122.00,2026-10-05
CNDT,256609320.00,2026-10-05
CNET,5869486.00,2026-10-05
CNEY,4434708.00,2026-10-05
CNF,34349918.00,2026-10-05
CNL,1124969036.00,2026-10-05
CNMD,1387341807.00,2026-10-05
CNNE,674035488.00,2026-10-05
CNOB,1671211796.00,2026-10-05
CNSP,7781924.00,2026-10-05
CNSY,12143400.00,2026-10-05
CNTB,58377184.00,2026-10-05
CNTN,179283062.00,2026-10-05
CNTX,28454981.00,2026-10-05
CNTY,29263200.00,2026-10-05
CNVS,45284492.00,2026-10-05
CNXC,1519967099.00,2026-10-05
CNXU,87440764.00,2026-10-05
COAG,1453213960.00,2026-10-05
COCH,52337935.00,2026-10-05
COCP,22056364.00,2026-10-05
CODA,125693745.00,2026-10-05
CODX,7571122.00,2026-10-05
COE,63557393.00,2026-10-05
COFS,495177267.00,2026-10-05
COLL,716874598.00,2026-10-05
COOK,148585694.00,2026-10-05
COOT,13768414.00,2026-10-05
COPR,60091533.00,2026-10-05
COSM,38240834.00,2026-10-05
COSO,322530953.00,2026-10-05
COUR,1327288000.00,2026-10-05
COYA,112832254.00,2026-10-05
CPAC,1044411861.00,2026-10-05
CPBI,83757638.00,2026-10-05
CPHC,81638456.00,2026-10-05
CPHI,28265455.00,2026-10-05
CPIX,110725161.00,2026-10-05
CPOP,5465450.00,2026-10-05
CPRI,1641129364.00,2026-10-05
CPS,387901811.00,2026-10-05
CPSH,74449697.00,2026-10-05
CPSS,199118132.00,2026-10-05
CRAI,1069451407.00,2026-10-05
CRBP,118562126.00,2026-10-05
CRBU,130793166.00,2026-10-05
CRCT,1365577592.00,2026-10-05
CRDF,87130679.00,2026-10-05
CRDL,170131227.00,2026-10-05
CRE,5437760.00,2026-10-05
CRESY,804291723.00,2026-10-05
CREX,33816265.00,2026-10-05
CRGO,50589391.00,2026-10-05
CRI,1159706334.00,2026-10-05
CRIS,1679168.00,2026-10-05
CRMD,560419690.00,2026-10-05
CRML,1033366084.00,2026-10-05
CRMT,8755402.00,2026-10-05
CRNC,365912779.00,2026-10-05
CRNT,198991516.00,2026-10-05
CRON,1188131486.00,2026-10-05
CRSR,1491760265.00,2026-10-05
CRT,70620000.00,2026-10-05
CRTO,721734044.00,2026-10-05
CRVO,45659670.00,2026-10-05
CRVS,916918290.00,2026-10-05
CRWS,26685512.00,2026-10-05
CSAI,2324825.00,2026-10-05
CSBR,68757731.00,2026-10-05
CSHR,652312035.00,2026-10-05
CSIQ,758530058.00,2026-10-05
CSPI,76310483.00,2026-10-05
CSR,915281230.00,2026-10-05
CSTE,99236205.00,2026-10-05
CSTL,1086340469.00,2026-10-05
CSV,510933462.00,2026-10-05
CSWC,1461549876.00,2026-10-05
CTBI,1384579774.00,2026-10-05
CTEV,401993822.00,2026-10-05
CTGO,557790726.00,2026-10-05
CTKB,763001695.00,2026-10-05
CTM,59674298.00,2026-10-05
CTMX,557822167.00,2026-10-05
CTNM,493589252.00,2026-10-05
CTNT,3493500.00,2026-10-05
CTO,769951225.00,2026-10-05
CTOR,88332144.00,2026-10-05
CTRM,19324708.00,2026-10-05
CTRN,399542906.00,2026-10-05
CTS,1759061612.00,2026-10-05
CTSO,12761959.00,2026-10-05
CTW,126672000.00,2026-10-05
CTXR,14593786.00,2026-10-05
CUB,346595164.00,2026-10-05
CUE,185751066.00,2026-10-05
CULP,49540410.00,2026-10-05
CUPR,18518157.00,2026-10-05
CURI,172673661.00,2026-10-05
CURR,348073844.00,2026-10-05
CURV,249298588.00,2026-10-05
CURX,7402098.00,2026-10-05
CUVL,301866021.00,2026-10-05
CV,328216803.00,2026-10-05
CVEO,342873613.00,2026-10-05
CVGI,120272739.00,2026-10-05
CVKD,3354250.00,2026-10-05
CVLG,856753785.00,2026-10-05
CVM,40630560.00,2026-10-05
CVR,10820775.00,2026-10-05
CVRX,41294475.00,2026-10-05
CVU,68501125.00,2026-10-05
CVV,30098709.00,2026-10-05
CWBC,719787499.00,2026-10-05
CWCO,482787880.00,2026-10-05
CWD,5906791.00,2026-10-05
CWH,519573427.00,2026-10-05
CXAI,5446156.00,2026-10-05
CXDO,196862437.00,2026-10-05
CXM,1207290968.00,2026-10-05
CYAB,5503503.00,2026-10-05
CYCU,12338760.00,2026-10-05
CYD,1198710388.00,2026-10-05
CYH,383545451.00,2026-10-05
CYN,10384647.00,2026-10-05
CYPH,326526077.00,2026-10-05
CYRX,882813813.00,2026-10-05
CZFS,389117270.00,2026-10-05
CZNC,459670641.00,2026-10-05
CZWI,205549920.00,2026-10-05
DAIC,6522370.00,2026-10-05
DAIO,30978968.00,2026-10-05
DAKT,863743994.00,2026-10-05
DAO,1827614660.00,2026-10-05
DARE,16577103.00,2026-10-05
DAVA,104308998.00,2026-10-05
DBGI,4546189.00,2026-10-05
DBI,309807828.00,2026-10-05
DBVT,624381019.00,2026-10-05
DC,794304107.00,2026-10-05
DCBO,582027368.00,2026-10-05
DCGO,36554032.00,2026-10-05
DCH,1330585771.00,2026-10-05
DCOM,1760965009.00,2026-10-05
DCOY,3256126.00,2026-10-05
DCTH,524992768.00,2026-10-05
DCX,9103190.00,2026-10-05
DDC,12866641.00,2026-10-05
DDD,628035762.00,2026-10-05
DDI,659556286.00,2026-10-05
DDL,507889523.00,2026-10-05
DEA,1107325838.00,2026-10-05
DEC,1030069425.00,2026-10-05
DEFT,205611791.00,2026-10-05
DEI,1644705322.00,2026-10-05
DERM,186563251.00,2026-10-05
DETX,11988416.00,2026-10-05
DFDV,171259148.00,2026-10-05
DFH,973252519.00,2026-10-05
DFIN,1144695432.00,2026-10-05
DFLI,12749957.00,2026-10-05
DFNS,20847773.00,2026-10-05
DFSC,7291668.00,2026-10-05
DGICA,678169282.00,2026-10-05
DGICB,618036045.00,2026-10-05
DGNX,64166566.00,2026-10-05
DGXX,389350483.00,2026-10-05
DH,135300544.00,2026-10-05
DHC,1871657077.00,2026-10-05
DHX,208870354.00,2026-10-05
DIBS,135133478.00,2026-10-05
DIN,378761768.00,2026-10-05
DIT,65940452.00,2026-10-05
DJCO,904542811.00,2026-10-05
DKI,2894670.00,2026-10-05
DLHC,58696792.00,2026-10-05
DLNG,137160181.00,2026-10-05
DLPN,13424846.00,2026-10-05
DLTH,149359654.00,2026-10-05
DLX,1036810717.00,2026-10-05
DLXY,6572700.00,2026-10-05
DMAC,443808486.00,2026-10-05
DMC,1398828288.00,2026-10-05
DMLP,1405977925.00,2026-10-05
DMRA,1274838467.00,2026-10-05
DMRC,172028148.00,2026-10-05
DNA,794602421.00,2026-10-05
DNUT,501415000.00,2026-10-05
DOGZ,15682386.00,2026-10-05
DOLE,1204349789.00,2026-10-05
DOMH,54305767.00,2026-10-05
DOUG,140880233.00,2026-10-05
DOYU,134295923.00,2026-10-05
DPRO,205423505.00,2026-10-05
DPU,5362125.00,2026-10-05
DQ,744327507.00,2026-10-05
DRIO,63304647.00,2026-10-05
DRK,27380699.00,2026-10-05
DRMA,5475504.00,2026-10-05
DRTS,1365902335.00,2026-10-05
DRUG,497753547.00,2026-10-05
DRVN,1926964251.00,2026-10-05
DSC,301436402.00,2026-10-05
DSGN,772257573.00,2026-10-05
DSGR,1618014662.00,2026-10-05
DSP,813945520.00,2026-10-05
DSS,6405118.00,2026-10-05
DSWL,48767684.00,2026-10-05
DSX,355823185.00,2026-10-05
DSY,16916664.00,2026-10-05
DTCX,73462836.00,2026-10-05
DTI,80796293.00,2026-10-05
DTIL,174165806.00,2026-10-05
DTSS,12102475.00,2026-10-05
DTST,7761290.00,2026-10-05
DUKR,18226203.00,2026-10-05
DUO,24979372.00,2026-10-05
DUOT,286714466.00,2026-10-05
DVLT,146353178.00,2026-10-05
DWSN,85713506.00,2026-10-05
DWTX,49629127.00,2026-10-05
DXC,1773543448.00,2026-10-05
DXF,1488540.00,2026-10-05
DXLG,24077931.00,2026-10-05
DXST,4392610.00,2026-10-05
DYAI,18261036.00,2026-10-05
EAF,246310028.00,2026-10-05
EARN,151363556.00,2026-10-05
EBF,570729016.00,2026-10-05
EBMT,169265409.00,2026-10-05
EBON,13644111.00,2026-10-05
EBS,324560217.00,2026-10-05
ECBK,178511252.00,2026-10-05
ECOR,91421074.00,2026-10-05
ECVT,1107820188.00,2026-10-05
ECX,327101890.00,2026-10-05
EDBL,2224720.00,2026-10-05
EDHL,31167008.00,2026-10-05
EDIT,402379692.00,2026-10-05
EDN,902143865.00,2026-10-05
EDRY,160185105.00,2026-10-05
EDSA,52124371.00,2026-10-05
EDTK,16199451.00,2026-10-05
EDUC,11082453.00,2026-10-05
EDVA,1022156.00,2026-10-05
EEIQ,8373078.00,2026-10-05
EFC,1493804804.00,2026-10-05
EFOI,19012128.00,2026-10-05
EFOR,1404250000.00,2026-10-05
EFSI,246282599.00,2026-10-05
EGAN,153626511.00,2026-10-05
EGBN,865135154.00,2026-10-05
EGG,149528724.00,2026-10-05
EGHT,329312942.00,2026-10-05
EGY,602748888.00,2026-10-05
EH,313999799.00,2026-10-05
EHGO,3775288.00,2026-10-05
EHLD,33348722.00,2026-10-05
EHTH,21461878.00,2026-10-05
EIG,882399660.00,2026-10-05
EIKN,397029670.00,2026-10-05
EJH,4768229.00,2026-10-05
ELA,315715868.00,2026-10-05
ELAB,2720185.00,2026-10-05
ELBM,53293269.00,2026-10-05
ELDN,202340268.00,2026-10-05
ELE,1463030702.00,2026-10-05
ELLO,286829016.00,2026-10-05
ELMD,232867089.00,2026-10-05
ELME,156389874.00,2026-10-05
ELMT,674068691.00,2026-10-05
ELOG,6380070.00,2026-10-05
ELOX,62605479.00,2026-10-05
ELPW,2768398.00,2026-10-05
ELTK,53548957.00,2026-10-05
ELTX,50461213.00,2026-10-05
ELUT,34488023.00,2026-10-05
ELVA,331492687.00,2026-10-05
ELVR,719411439.00,2026-10-05
ELWT,42035705.00,2026-10-05
EMAT,1279489318.00,2026-10-05
EMBC,320126734.00,2026-10-05
EML,148092102.00,2026-10-05
EMPD,87984647.00,2026-10-05
ENGN,130011653.00,2026-10-05
ENGS,165238435.00,2026-10-05
ENHA,581611821.00,2026-10-05
ENLV,7710597.00,2026-10-05
ENOV,1024786908.00,2026-10-05
ENR,1514173214.00,2026-10-05
ENRD,488475399.00,2026-10-05
ENSC,7685434.00,2026-10-05
ENTA,377465210.00,2026-10-05
ENTX,497418144.00,2026-10-05
ENVB,6624308.00,2026-10-05
ENVX,614455898.00,2026-10-05
EOCN,3760050.00,2026-10-05
EOLS,471600142.00,2026-10-05
EONR,27164377.00,2026-10-05
EOSE,1168978458.00,2026-10-05
EP,108582110.00,2026-10-05
EPAC,1822545703.00,2026-10-05
EPC,1243018038.00,2026-10-05
EPM,143816569.00,2026-10-05
EPOW,9819358.00,2026-10-05
EPRX,477164016.00,2026-10-05
EPSM,16797543.00,2026-10-05
EPSN,173828891.00,2026-10-05
EQ,89405396.00,2026-10-05
EQBK,982879548.00,2026-10-05
EQS,12342369.00,2026-10-05
ERII,345573804.00,2026-10-05
ERNA,4831937.00,2026-10-05
ESCA,265134585.00,2026-10-05
ESEA,510986902.00,2026-10-05
ESLA,20357000.00,2026-10-05
ESOA,205437583.00,2026-10-05
ESP,192021417.00,2026-10-05
ESQ,1451581593.00,2026-10-05
ESRT,717930731.00,2026-10-05
ESTA,1909109137.00,2026-10-05
ESYN,64803552.00,2026-10-05
ETD,530764713.00,2026-10-05
ETO,492791310.00,2026-10-05
ETON,1582362354.00,2026-10-05
ETRA,650893323.00,2026-10-05
ETS,78433842.00,2026-10-05
EU,198166590.00,2026-10-05
EUDA,51611084.00,2026-10-05
EVAX,28868746.00,2026-10-05
EVC,681087691.00,2026-10-05
EVCM,1579387299.00,2026-10-05
EVER,687175145.00,2026-10-05
EVEX,606366219.00,2026-10-05
EVGN,6715598.00,2026-10-05
EVGO,434031694.00,2026-10-05
EVH,391185299.00,2026-10-05
EVI,248426882.00,2026-10-05
EVLV,827746487.00,2026-10-05
EVMN,251141422.00,2026-10-05
EVO,569208902.00,2026-10-05
EVTC,1627061719.00,2026-10-05
EVTL,101986670.00,2026-10-05
EXFY,205169994.00,2026-10-05
EXOD,221389881.00,2026-10-05
EXOZ,53688125.00,2026-10-05
EXYN,18612259.00,2026-10-05
EYE,1296736733.00,2026-10-05
EYPT,280189449.00,2026-10-05
EZGO,4512137.00,2026-10-05
EZPW,1855589985.00,2026-10-05
EZRA,3695859.00,2026-10-05
FABC,16388454.00,2026-10-05
FAC,642139470.00,2026-10-05
FAMI,4040795.00,2026-10-05
FATE,277983592.00,2026-10-05
FATN,78836851.00,2026-10-05
FBDT,58565011.00,2026-10-05
FBGL,5143500.00,2026-10-05
FBIO,67702516.00,2026-10-05
FBIZ,593564938.00,2026-10-05
FBLA,270481099.00,2026-10-05
FBLG,8256159.00,2026-10-05
FBRT,520694758.00,2026-10-05
FBYD,1038585459.00,2026-10-05
FC,195722819.00,2026-10-05
FCAP,210376913.00,2026-10-05
FCBC,907695792.00,2026-10-05
FCBM,393331666.00,2026-10-05
FCCO,307089212.00,2026-10-05
FCEL,1476754000.00,2026-10-05
FCHL,1223001.00,2026-10-05
FCUV,4306123.00,2026-10-05
FDBC,321297620.00,2026-10-05
FDMT,755188364.00,2026-10-05
FDSB,91100449.00,2026-10-05
FEAM,192583299.00,2026-10-05
FEBO,7023581.00,2026-10-05
FEDU,21144445.00,2026-10-05
FEIM,969840881.00,2026-10-05
FEMY,17168805.00,2026-10-05
FENC,357346800.00,2026-10-05
FENG,16815086.00,2026-10-05
FET,953840195.00,2026-10-05
FF,226334721.00,2026-10-05
FFAI,7536209.00,2026-10-05
FFR,25963927.00,2026-10-05
FGBI,137439871.00,2026-10-05
FGC,32670848.00,2026-10-05
FGI,14986663.00,2026-10-05
FGL,3621830.00,2026-10-05
FHTX,119958336.00,2026-10-05
FIEE,31299955.00,2026-10-05
FINV,684672606.00,2026-10-05
FINW,155069536.00,2026-10-05
FIP,317317964.00,2026-10-05
FIRY,207279545.00,2026-10-05
FISI,787860273.00,2026-10-05
FISN,328106075.00,2026-10-05
FJET,94593153.00,2026-10-05
FKWL,28164429.00,2026-10-05
FLD,29684242.00,2026-10-05
FLGT,591028494.00,2026-10-05
FLL,50935827.00,2026-10-05
FLNA,44969820.00,2026-10-05
FLNC,1404778368.00,2026-10-05
FLNG,1689845826.00,2026-10-05
FLNT,94189116.00,2026-10-05
FLO,1181159818.00,2026-10-05
FLOC,1667920589.00,2026-10-05
FLUX,13837851.00,2026-10-05
FLWS,164313846.00,2026-10-05
FLX,103113173.00,2026-10-05
FLXS,363428436.00,2026-10-05
FLYE,2260855.00,2026-10-05
FLYX,127602185.00,2026-10-05
FMAO,488809519.00,2026-10-05
FMBH,1329563562.00,2026-10-05
FMC,1312861969.00,2026-10-05
FMFC,3684900.00,2026-10-05
FMNB,908857754.00,2026-10-05
FMST,17614558.00,2026-10-05
FNGR,18650748.00,2026-10-05
FNKO,328135189.00,2026-10-05
FNLC,385968851.00,2026-10-05
FNRN,291508487.00,2026-10-05
FNUC,45950779.00,2026-10-05
FNWB,94640569.00,2026-10-05
FNWD,183632625.00,2026-10-05
FOA,233643015.00,2026-10-05
FOCL,193002390.00,2026-10-05
FOFO,15823553.00,2026-10-05
FOIL,1266948264.00,2026-10-05
FOR,1313703895.00,2026-10-05
FORR,213617580.00,2026-10-05
FORTY,1738555205.00,2026-10-05
FOSL,402138754.00,2026-10-05
FOXF,783878169.00,2026-10-05
FOXX,18394758.00,2026-10-05
FPH,671373675.00,2026-10-05
FPI,490409315.00,2026-10-05
FRAF,284193599.00,2026-10-05
FRBA,447141029.00,2026-10-05
FRBT,903098320.00,2026-10-05
FRD,296301454.00,2026-10-05
FRGT,144290.00,2026-10-05
FRMM,63750919.00,2026-10-05
FRNM,1753532004.00,2026-10-05
FRPH,389341544.00,2026-10-05
FRST,387361505.00,2026-10-05
FRSX,3337949.00,2026-10-05
FRTT,11973895.00,2026-10-05
FSBC,1071023201.00,2026-10-05
FSBW,348529021.00,2026-10-05
FSCO,1013598649.00,2026-10-05
FSI,77273613.00,2026-10-05
FSP,34323864.00,2026-10-05
FSTR,392071567.00,2026-10-05
FSUN,1840998613.00,2026-10-05
FT,177933810.00,2026-10-05
FTCI,35521001.00,2026-10-05
FTEK,51819870.00,2026-10-05
FTFT,31968750.00,2026-10-05
FTH,732576049.00,2026-10-05
FTHM,11438900.00,2026-10-05
FTK,1120660073.00,2026-10-05
FTLF,86585684.00,2026-10-05
FTRE,1902000000.00,2026-10-05
FTW,309952492.00,2026-10-05
FUBO,945644245.00,2026-10-05
FUFU,233315037.00,2026-10-05
FULC,281536878.00,2026-10-05
FUN,1186869219.00,2026-10-05
FUNC,281516326.00,2026-10-05
FURY,97594856.00,2026-10-05
FUSB,90827699.00,2026-10-05
FUSE,14365116.00,2026-10-05
FVCB,320828507.00,2026-10-05
FVR,407925296.00,2026-10-05
FVRR,307019217.00,2026-10-05
FWDI,622511834.00,2026-10-05
FWRD,537453514.00,2026-10-05
FWRG,652300438.00,2026-10-05
FXHO,270990348.00,2026-10-05
FXNC,271821428.00,2026-10-05
GAB,1539602196.00,2026-10-05
GABC,1856393115.00,2026-10-05
GAIA,35341852.00,2026-10-05
GAIN,623612003.00,2026-10-05
GALT,393313612.00,2026-10-05
GAM,1528684894.00,2026-10-05
GAME,40238112.00,2026-10-05
GANX,74630588.00,2026-10-05
GASS,347314307.00,2026-10-05
GAUZ,5913570.00,2026-10-05
GBFH,260280074.00,2026-10-05
GBLI,356498951.00,2026-10-05
GBR,5460922.00,2026-10-05
GBX,1255532458.00,2026-10-05
GCBC,583293116.00,2026-10-05
GCDT,5420482.00,2026-10-05
GCL,98642657.00,2026-10-05
GCO,376541290.00,2026-10-05
GCT,1919425239.00,2026-10-05
GCTK,1026841.00,2026-10-05
GCTS,206931884.00,2026-10-05
GDC,5952375.00,2026-10-05
GDEV,195299262.00,2026-10-05
GDHG,76624353.00,2026-10-05
GDOT,712314738.00,2026-10-05
GDRX,1118956873.00,2026-10-05
GDTC,10882160.00,2026-10-05
GDYN,650637586.00,2026-10-05
GEG,67164962.00,2026-10-05
GEL,1716549210.00,2026-10-05
GELS,5583675.00,2026-10-05
GEMI,605475783.00,2026-10-05
GENB,1757144849.00,2026-10-05
GENC,257828978.00,2026-10-05
GENI,1611114281.00,2026-10-05
GENK,56187301.00,2026-10-05
GEOS,62090894.00,2026-10-05
GERN,770968091.00,2026-10-05
GEVO,323880606.00,2026-10-05
GFAI,9666008.00,2026-10-05
GFR,1394399414.00,2026-10-05
GFUZ,481699305.00,2026-10-05
GGR,65969654.00,2026-10-05
GGT,109592289.00,2026-10-05
GHG,94843486.00,2026-10-05
GHM,1073821149.00,2026-10-05
GHRS,1572701572.00,2026-10-05
GIBO,84515384.00,2026-10-05
GIC,1661904751.00,2026-10-05
GIFT,19480304.00,2026-10-05
GIGM,15804696.00,2026-10-05
GIII,1173530024.00,2026-10-05
GILT,756973608.00,2026-10-05
GIPR,3129500.00,2026-10-05
GITS,7607618.00,2026-10-05
GIXI,10866650.00,2026-10-05
GLAS,483108932.00,2026-10-05
GLBS,75538054.00,2026-10-05
GLDG,201259826.00,2026-10-05
GLE,8138010.00,2026-10-05
GLIBA,924199661.00,2026-10-05
GLIBK,927392061.00,2026-10-05
GLND,163113624.00,2026-10-05
GLOB,1515602416.00,2026-10-05
GLOO,377107889.00,2026-10-05
GLP,1594391905.00,2026-10-05
GLRE,481459824.00,2026-10-05
GLSI,249235972.00,2026-10-05
GLU,104157497.00,2026-10-05
GLUE,895790711.00,2026-10-05
GLXG,5901900.00,2026-10-05
GMEX,1843691.00,2026-10-05
GMHS,34660062.00,2026-10-05
GMM,17649323.00,2026-10-05
GMRS,534274722.00,2026-10-05
GMTL,343123639.00,2026-10-05
GNE,432431406.00,2026-10-05
GNK,1206041360.00,2026-10-05
GNL,1908372320.00,2026-10-05
GNLN,1847487.00,2026-10-05
GNLX,115828058.00,2026-10-05
GNPX,2155835.00,2026-10-05
GNS,28830516.00,2026-10-05
GNSS,66035913.00,2026-10-05
GNTA,35921559.00,2026-10-05
GO,1151361797.00,2026-10-05
GOAI,72389393.00,2026-10-05
GOGO,285921589.00,2026-10-05
GOLD,1230488913.00,2026-10-05
GOOD,626393063.00,2026-10-05
GOOS,748088622.00,2026-10-05
GORO,551027841.00,2026-10-05
GOSS,65506548.00,2026-10-05
GOTU,608026697.00,2026-10-05
GOVX,3233929.00,2026-10-05
GOW,180884497.00,2026-10-05
GP,5681942.00,2026-10-05
GPCR,1973143743.00,2026-10-05
GPMT,36664345.00,2026-10-05
GPRE,1067551845.00,2026-10-05
GPRK,704118920.00,2026-10-05
GPRO,278581091.00,2026-10-05
GPUS,30047321.00,2026-10-05
GRAN,23411875.00,2026-10-05
GRCE,43544375.00,2026-10-05
GRDX,27169579.00,2026-10-05
GRI,4284785.00,2026-10-05
GRML,105175400.00,2026-10-05
GRNQ,15372425.00,2026-10-05
GRNT,589594082.00,2026-10-05
GRO,133184362.00,2026-10-05
GROV,44409088.00,2026-10-05
GROW,35172841.00,2026-10-05
GROY,685503327.00,2026-10-05
GRPN,785246866.00,2026-10-05
GRRR,365565933.00,2026-10-05
GRSD,52996757.00,2026-10-05
GRVY,475999650.00,2026-10-05
GRWG,92505105.00,2026-10-05
GSBC,863845380.00,2026-10-05
GSBD,1021001438.00,2026-10-05
GSHD,1616328837.00,2026-10-05
GSIT,215606830.00,2026-10-05
GSIW,101874914.00,2026-10-05
GSL,1644696393.00,2026-10-05
GSM,796025802.00,2026-10-05
GSUN,2176265.00,2026-10-05
GT,1393429887.00,2026-10-05
GTBP,11006712.00,2026-10-05
GTE,369371679.00,2026-10-05
GTEC,21503474.00,2026-10-05
GTIM,15836844.00,2026-10-05
GTM,1080018271.00,2026-10-05
GTN,467549099.00,2026-10-05
GTY,1746502112.00,2026-10-05
GURE,5467796.00,2026-10-05
GUT,436724223.00,2026-10-05
GUTS,64722526.00,2026-10-05
GVH,4777635.00,2026-10-05
GWAV,6874626.00,2026-10-05
GWRS,243292656.00,2026-10-05
GXAI,5701875.00,2026-10-05
GYGY,8531578.00,2026-10-05
GYRE,792835026.00,2026-10-05
GYRO,10028625.00,2026-10-05
HAFC,938991906.00,2026-10-05
HAIN,47239278.00,2026-10-05
HAO,1721612.00,2026-10-05
HAPN,1774966796.00,2026-10-05
HAWK,1450869825.00,2026-10-05
HBB,510674193.00,2026-10-05
HBCP,531511748.00,2026-10-05
HBIO,37966224.00,2026-10-05
HBNB,1113994157.00,2026-10-05
HBNC,1000191230.00,2026-10-05
HBT,1321526340.00,2026-10-05
HCAI,5533031.00,2026-10-05
HCAT,131698667.00,2026-10-05
HCKT,268183471.00,2026-10-05
HCMA,399768750.00,2026-10-05
HCSG,1432354056.00,2026-10-05
HCTI,10856383.00,2026-10-05
HCWB,3757024.00,2026-10-05
HDL,735488169.00,2026-10-05
HDRN,88658564.00,2026-10-05
HDSN,220123101.00,2026-10-05
HE,1537279236.00,2026-10-05
HELE,622829711.00,2026-10-05
HELP,854821738.00,2026-10-05
HEPS,871629488.00,2026-10-05
HERE,92453846.00,2026-10-05
HFBL,76931629.00,2026-10-05
HFFG,90632590.00,2026-10-05
HFWA,1151363802.00,2026-10-05
HGBL,44684884.00,2026-10-05
HHS,33991334.00,2026-10-05
HIFS,617978772.00,2026-10-05
HIHO,4164471.00,2026-10-05
HIND,13405388.00,2026-10-05
HIPO,850793643.00,2026-10-05
HIT,51156639.00,2026-10-05
HITI,234445075.00,2026-10-05
HIVE,815975081.00,2026-10-05
HKD,215740390.00,2026-10-05
HKIT,22299813.00,2026-10-05
HKPD,5310745.00,2026-10-05
HLF,1316330453.00,2026-10-05
HLIT,1218272191.00,2026-10-05
HLLY,283687895.00,2026-10-05
HLMN,1369596793.00,2026-10-05
HLP,190583813.00,2026-10-05
HLSQ,1029600.00,2026-10-05
HMH,807345631.00,2026-10-05
HMN,1833077704.00,2026-10-05
HMR,98516635.00,2026-10-05
HNNA,81494467.00,2026-10-05
HNRG,635963886.00,2026-10-05
HNST,553587396.00,2026-10-05
HNVR,180901071.00,2026-10-05
HODO,12927183.00,2026-10-05
HOFT,140816234.00,2026-10-05
HOLO,35743282.00,2026-10-05
HOPE,1747508316.00,2026-10-05
HOS,1686244395.00,2026-10-05
HOST,101521156.00,2026-10-05
HOUR,65471665.00,2026-10-05
HOV,692539218.00,2026-10-05
HOVR,112768221.00,2026-10-05
HOWL,45104793.00,2026-10-05
HPAI,11448425.00,2026-10-05
HPK,992654511.00,2026-10-05
HPP,623005147.00,2026-10-05
HQ,852219143.00,2026-10-05
HQI,261459000.00,2026-10-05
HROW,1142629668.00,2026-10-05
HRTG,1010604820.00,2026-10-05
HRTX,65992662.00,2026-10-05
HRZN,309696660.00,2026-10-05
HSCS,20828813.00,2026-10-05
HSDT,170497795.00,2026-10-05
HSHP,849447500.00,2026-10-05
HSLV,1068497945.00,2026-10-05
HSTM,942965237.00,2026-10-05
HTB,777735256.00,2026-10-05
HTCO,15739905.00,2026-10-05
HTCR,3000349.00,2026-10-05
HTLD,920258071.00,2026-10-05
HTLM,170406250.00,2026-10-05
HTOO,16159957.00,2026-10-05
HTT,358704894.00,2026-10-05
HTZ,627354452.00,2026-10-05
HUBC,1350416.00,2026-10-05
HUBG,1820539993.00,2026-10-05
HUCK,150515715.00,2026-10-05
HUDI,9805776.00,2026-10-05
HUHU,121350245.00,2026-10-05
HUIZ,13441081.00,2026-10-05
HUMA,144871712.00,2026-10-05
HUN,1495979594.00,2026-10-05
HURA,121717838.00,2026-10-05
HURC,144357217.00,2026-10-05
HUYA,525242014.00,2026-10-05
HVT,428824715.00,2026-10-05
HWBK,282531283.00,2026-10-05
HXHX,5711360.00,2026-10-05
HY,559965986.00,2026-10-05
HYFM,4963903.00,2026-10-05
HYFT,63129635.00,2026-10-05
HYLN,809045398.00,2026-10-05
HYMC,1743429252.00,2026-10-05
HYNE,134409171.00,2026-10-05
HYPD,57962089.00,2026-10-05
HYPR,94786300.00,2026-10-05
HZO,1156241153.00,2026-10-05
IA,339905295.00,2026-10-05
IART,986155376.00,2026-10-05
IAUX,1402760726.00,2026-10-05
IBCP,807388359.00,2026-10-05
IBEX,578682870.00,2026-10-05
IBG,3587444.00,2026-10-05
IBIO,72345663.00,2026-10-05
IBO,45453227.00,2026-10-05
IBTA,964087639.00,2026-10-05
ICCC,88551421.00,2026-10-05
ICCM,5379409.00,2026-10-05
ICFI,1468067744.00,2026-10-05
ICG,113535928.00,2026-10-05
ICMB,11401653.00,2026-10-05
ICON,3646535.00,2026-10-05
ICU,20668084.00,2026-10-05
IDAI,18327696.00,2026-10-05
IDN,46005507.00,2026-10-05
IDR,437435339.00,2026-10-05
IDT,1961759420.00,2026-10-05
IE,1666122304.00,2026-10-05
IFBD,7068377.00,2026-10-05
IFRX,253473340.00,2026-10-05
IGC,28420264.00,2026-10-05
IGIC,1054775358.00,2026-10-05
IH,58268663.00,2026-10-05
IHRT,259376306.00,2026-10-05
IHT,14816431.00,2026-10-05
III,275956733.00,2026-10-05
IIIN,572229781.00,2026-10-05
IIIV,375878289.00,2026-10-05
IIPR,1392904551.00,2026-10-05
IKT,279071800.00,2026-10-05
ILAG,6023149.00,2026-10-05
ILLR,5293576.00,2026-10-05
ILLU,102442145.00,2026-10-05
ILPT,472560837.00,2026-10-05
IMA,52216698.00,2026-10-05
IMC,957461000.00,2026-10-05
IMCC,2024688.00,2026-10-05
IMCR,1530023911.00,2026-10-05
IMDX,112571537.00,2026-10-05
IMKTA,1645862680.00,2026-10-05
IMMP,32053440.00,2026-10-05
IMMR,245392643.00,2026-10-05
IMMX,802500566.00,2026-10-05
IMNN,7182596.00,2026-10-05
IMPP,243249480.00,2026-10-05
IMRN,8797610.00,2026-10-05
IMRX,263318426.00,2026-10-05
IMSR,400435260.00,2026-10-05
IMTE,1551929.00,2026-10-05
IMTX,1135704421.00,2026-10-05
IMUX,108609957.00,2026-10-05
IMXI,347735827.00,2026-10-05
INAB,13801736.00,2026-10-05
INBK,241221314.00,2026-10-05
INBS,5505893.00,2026-10-05
INBX,1427465843.00,2026-10-05
INCR,81320417.00,2026-10-05
INDI,688472383.00,2026-10-05
INDO,41082863.00,2026-10-05
INDP,317116731.00,2026-10-05
INEO,9472752.00,2026-10-05
INFU,262110102.00,2026-10-05
INGN,158433872.00,2026-10-05
INHD,8015448.00,2026-10-05
INKT,63481345.00,2026-10-05
INLF,3870558.00,2026-10-05
INLX,22699720.00,2026-10-05
INM,7306668.00,2026-10-05
INMB,53564813.00,2026-10-05
INMD,809904077.00,2026-10-05
INN,649277847.00,2026-10-05
INNV,1222604768.00,2026-10-05
INO,119941121.00,2026-10-05
INR,818781351.00,2026-10-05
INSE,91331759.00,2026-10-05
INSG,75698929.00,2026-10-05
INTG,59887390.00,2026-10-05
INTJ,4397244.00,2026-10-05
INTS,11231184.00,2026-10-05
INTT,157757168.00,2026-10-05
INTZ,17620499.00,2026-10-05
INV,42636318.00,2026-10-05
INVA,1481032443.00,2026-10-05
INVE,56954020.00,2026-10-05
INVX,1909947435.00,2026-10-05
INVZ,104152372.00,2026-10-05
IONR,225216938.00,2026-10-05
IOR,69125026.00,2026-10-05
IOTR,11825576.00,2026-10-05
IPDN,2143911.00,2026-10-05
IPHA,174252541.00,2026-10-05
IPI,440840640.00,2026-10-05
IPM,16083598.00,2026-10-05
IPSC,277045241.00,2026-10-05
IPST,2222460.00,2026-10-05
IPW,1305077.00,2026-10-05
IPWR,66560353.00,2026-10-05
IPX,575934767.00,2026-10-05
IQ,957401040.00,2026-10-05
IQMX,1961285856.00,2026-10-05
IQST,11243335.00,2026-10-05
IRD,381036869.00,2026-10-05
IRIX,11297751.00,2026-10-05
IRMD,1092009031.00,2026-10-05
IRS,1083224952.00,2026-10-05
IRWD,601473407.00,2026-10-05
ISBA,290812639.00,2026-10-05
ISOU,598263262.00,2026-10-05
ISPC,2720077.00,2026-10-05
ISPR,79701170.00,2026-10-05
ISTR,405182335.00,2026-10-05
ITG,854201667.00,2026-10-05
ITIC,547896439.00,2026-10-05
ITOC,29145450.00,2026-10-05
ITP,2431145.00,2026-10-05
ITRG,535584905.00,2026-10-05
ITRN,1045009757.00,2026-10-05
IVA,841157519.00,2026-10-05
IVDA,3626762.00,2026-10-05
IVF,3934166.00,2026-10-05
IVR,614626781.00,2026-10-05
IVVD,242321165.00,2026-10-05
IXHL,40268253.00,2026-10-05
IZEA,42669901.00,2026-10-05
IZM,2884346.00,2026-10-05
JACK,238782659.00,2026-10-05
JAGU,24030595.00,2026-10-05
JAGX,4691531.00,2026-10-05
JAKK,310732076.00,2026-10-05
JANX,1035045567.00,2026-10-05
JBDI,9324241.00,2026-10-05
JBGS,787970811.00,2026-10-05
JBI,574394676.00,2026-10-05
JBIO,897995104.00,2026-10-05
JBLU,1565845551.00,2026-10-05
JBSS,801237318.00,2026-10-05
JCAP,1105441568.00,2026-10-05
JCSE,7458862.00,2026-10-05
JCTC,10384333.00,2026-10-05
JDZG,26288378.00,2026-10-05
JELD,163982792.00,2026-10-05
JEM,2517134.00,2026-10-05
JF,16872942.00,2026-10-05
JFIN,68551705.00,2026-10-05
JFU,31321775.00,2026-10-05
JG,38631058.00,2026-10-05
JHI,106508582.00,2026-10-05
JHS,120425689.00,2026-10-05
JILL,369196349.00,2026-10-05
JJSF,1461835826.00,2026-10-05
JKS,479187220.00,2026-10-05
JL,16346447.00,2026-10-05
JLHL,88572542.00,2026-10-05
JMIA,924690820.00,2026-10-05
JMSB,324720203.00,2026-10-05
JOB,23303573.00,2026-10-05
JOUT,470641980.00,2026-10-05
JRSH,78104631.00,2026-10-05
JRVR,161409143.00,2026-10-05
JSPR,18806782.00,2026-10-05
JTAI,5514158.00,2026-10-05
JUNS,3362229.00,2026-10-05
JVA,22720224.00,2026-10-05
JWEL,5821521.00,2026-10-05
JXG,92861053.00,2026-10-05
JYD,6979375.00,2026-10-05
JYNT,102962161.00,2026-10-05
JZ,1050024.00,2026-10-05
JZXN,58209418.00,2026-10-05
KALA,7445818.00,2026-10-05
KAPA,5281197.00,2026-10-05
KARD,1382919708.00,2026-10-05
KARO,1853598000.00,2026-10-05
KAZR,45752340.00,2026-10-05
KBDC,836699053.00,2026-10-05
KBSX,64910704.00,2026-10-05
KDK,329013799.00,2026-10-05
KE,690729536.00,2026-10-05
KELYA,545986144.00,2026-10-05
KELYB,777995523.00,2026-10-05
KEQU,98905054.00,2026-10-05
KFFB,45609073.00,2026-10-05
KFRC,946669740.00,2026-10-05
KG,40997917.00,2026-10-05
KGEI,221461209.00,2026-10-05
KIDS,578592902.00,2026-10-05
KIDZ,1970950.00,2026-10-05
KINS,267808461.00,2026-10-05
KITT,1892897.00,2026-10-05
KLC,220441681.00,2026-10-05
KLRA,1346997794.00,2026-10-05
KLRS,64273449.00,2026-10-05
KLTR,199842102.00,2026-10-05
KLXE,145834492.00,2026-10-05
KMDA,479572635.00,2026-10-05
KMRK,24265000.00,2026-10-05
KMTS,1633780037.00,2026-10-05
KNDI,82360682.00,2026-10-05
KNOP,356463022.00,2026-10-05
KNRX,7271124.00,2026-10-05
KODK,960399000.00,2026-10-05
KOP,870688591.00,2026-10-05
KOPN,912634535.00,2026-10-05
KOS,1494674004.00,2026-10-05
KOSS,36540451.00,2026-10-05
KPLT,383517729.00,2026-10-05
KPRX,11326431.00,2026-10-05
KPTI,18195067.00,2026-10-05
KREF,360840160.00,2026-10-05
KRKR,5921430.00,2026-10-05
KRMD,136668830.00,2026-10-05
KRNT,751484680.00,2026-10-05
KRNY,605141840.00,2026-10-05
KRO,895458674.00,2026-10-05
KROS,225236856.00,2026-10-05
KRP,1672378342.00,2026-10-05
KRRO,141955227.00,2026-10-05
KRSA,1388558048.00,2026-10-05
KRT,1087674015.00,2026-10-05
KRUS,504582689.00,2026-10-05
KSCP,17749195.00,2026-10-05
KTCC,25008905.00,2026-10-05
KTTA,15905277.00,2026-10-05
KTWO,202415716.00,2026-10-05
KULR,122642853.00,2026-10-05
KURA,947430592.00,2026-10-05
KUST,2915073.00,2026-10-05
KVHI,127168144.00,2026-10-05
KWY,272819330.00,2026-10-05
KXIN,62484402.00,2026-10-05
KYNB,25549972.00,2026-10-05
KYTX,384666222.00,2026-10-05
KZIA,144138099.00,2026-10-05
LAB,292353438.00,2026-10-05
LABT,2209971.00,2026-10-05
LAC,925759505.00,2026-10-05
LADR,1093578912.00,2026-10-05
LAES,527974378.00,2026-10-05
LAKE,101994923.00,2026-10-05
LAND,412385638.00,2026-10-05
LANV,124339955.00,2026-10-05
LAR,900909000.00,2026-10-05
LARK,191312746.00,2026-10-05
LASE,50538470.00,2026-10-05
LAW,271364618.00,2026-10-05
LBGJ,1442165.00,2026-10-05
LBRX,1193266883.00,2026-10-05
LCFY,4290649.00,2026-10-05
LCID,1627509827.00,2026-10-05
LCNB,269989473.00,2026-10-05
LCTX,235279814.00,2026-10-05
LCUT,209658184.00,2026-10-05
LDI,214830042.00,2026-10-05
LE,304009345.00,2026-10-05
LEDS,19194295.00,2026-10-05
LEE,149579615.00,2026-10-05
LEGH,698032165.00,2026-10-05
LEGO,305494923.00,2026-10-05
LENZ,112484828.00,2026-10-05
LEO,348205874.00,2026-10-05
LESL,1364550.00,2026-10-05
LEXX,6066683.00,2026-10-05
LFCR,247559012.00,2026-10-05
LFMD,132070293.00,2026-10-05
LFS,55983725.00,2026-10-05
LFT,26348037.00,2026-10-05
LFVN,76417925.00,2026-10-05
LFWD,16567294.00,2026-10-05
LGCL,3287728.00,2026-10-05
LGCY,122750820.00,2026-10-05
LGHL,185037.00,2026-10-05
LGIH,1119171814.00,2026-10-05
LGL,91193067.00,2026-10-05
LGO,54379758.00,2026-10-05
LGPS,17708153.00,2026-10-05
LGVN,8225553.00,2026-10-05
LHAI,17191200.00,2026-10-05
LHSW,5128079.00,2026-10-05
LICN,16438469.00,2026-10-05
LIDR,52272829.00,2026-10-05
LIEN,216795605.00,2026-10-05
LILA,1671027000.00,2026-10-05
LILAK,1665150000.00,2026-10-05
LIME,1768869652.00,2026-10-05
LIMN,5238511.00,2026-10-05
LINC,695017605.00,2026-10-05
LINK,93732784.00,2026-10-05
LIQT,17195478.00,2026-10-05
LITB,55431695.00,2026-10-05
LITS,41962030.00,2026-10-05
LIVE,23341821.00,2026-10-05
LKFN,1468352609.00,2026-10-05
LKFT,1935396975.00,2026-10-05
LMAT,1805756533.00,2026-10-05
LMB,585517156.00,2026-10-05
LMNR,217402764.00,2026-10-05
LMRI,991493752.00,2026-10-05
LNAI,5894057.00,2026-10-05
LND,360418888.00,2026-10-05
LNKS,1614646.00,2026-10-05
LNN,1162812000.00,2026-10-05
LNSR,82929589.00,2026-10-05
LNZA,79058545.00,2026-10-05
LOAN,43131296.00,2026-10-05
LOB,1697683182.00,2026-10-05
LOBO,6562463.00,2026-10-05
LOCL,25601230.00,2026-10-05
LOCO,432756364.00,2026-10-05
LODE,173264147.00,2026-10-05
LOMA,1068941131.00,2026-10-05
LONA,45412416.00,2026-10-05
LOOP,21659892.00,2026-10-05
LOT,547574245.00,2026-10-05
LOVE,212024465.00,2026-10-05
LPA,94778919.00,2026-10-05
LPCN,16900719.00,2026-10-05
LPTH,773200222.00,2026-10-05
LQDT,1354465846.00,2026-10-05
LRE,15006090.00,2026-10-05
LRHC,888637.00,2026-10-05
LRMR,307493494.00,2026-10-05
LSAK,371618327.00,2026-10-05
LSBK,144352623.00,2026-10-05
LSE,76612500.00,2026-10-05
LSF,38727379.00,2026-10-05
LSPD,1309148066.00,2026-10-05
LSTA,15881977.00,2026-10-05
LTBR,239357201.00,2026-10-05
LTGO,1054159617.00,2026-10-05
LTRN,14738309.00,2026-10-05
LTRX,337062886.00,2026-10-05
LU,884022670.00,2026-10-05
LUCD,127494942.00,2026-10-05
LUCK,721175226.00,2026-10-05
LUCY,7771339.00,2026-10-05
LUD,86675800.00,2026-10-05
LUNG,78595332.00,2026-10-05
LUXE,1360676354.00,2026-10-05
LVLU,39168297.00,2026-10-05
LVO,36062005.00,2026-10-05
LVWR,322497557.00,2026-10-05
LWAY,320414104.00,2026-10-05
LWLG,878753354.00,2026-10-05
LX,112879968.00,2026-10-05
LXEH,3009167.00,2026-10-05
LXEO,289623280.00,2026-10-05
LXFR,462132092.00,2026-10-05
LXRX,809819800.00,2026-10-05
LXU,709895389.00,2026-10-05
LYEL,226917606.00,2026-10-05
LYNX,1477195152.00,2026-10-05
LYTS,791803390.00,2026-10-05
LZ,959082947.00,2026-10-05
LZB,1199179964.00,2026-10-05
LZM,346171044.00,2026-10-05
LZMH,10774200.00,2026-10-05
MAGN,417786000.00,2026-10-05
MAIA,73472916.00,2026-10-05
MAKO,811230717.00,2026-10-05
MAMA,609616774.00,2026-10-05
MAMO,40350081.00,2026-10-05
MASK,3059213.00,2026-10-05
MASS,524524716.00,2026-10-05
MATH,52767164.00,2026-10-05
MATV,656762166.00,2026-10-05
MATW,602102107.00,2026-10-05
MAX,589359468.00,2026-10-05
MAYS,80832778.00,2026-10-05
MAZE,1468164510.00,2026-10-05
MB,67076050.00,2026-10-05
MBAI,50315891.00,2026-10-05
MBBC,45238842.00,2026-10-05
MBC,1428503240.00,2026-10-05
MBI,224472354.00,2026-10-05
MBIO,3569763.00,2026-10-05
MBOT,77911169.00,2026-10-05
MBRX,9923798.00,2026-10-05
MBUU,452774121.00,2026-10-05
MBWM,1028599408.00,2026-10-05
MCB,1106501687.00,2026-10-05
MCBS,1013962698.00,2026-10-05
MCFT,489221357.00,2026-10-05
MCHX,57195878.00,2026-10-05
MCI,360658598.00,2026-10-05
MCRB,29531656.00,2026-10-05
MCRP,23727633.00,2026-10-05
MCS,834318223.00,2026-10-05
MDAI,53426980.00,2026-10-05
MDCX,11545314.00,2026-10-05
MDIA,89901248.00,2026-10-05
MDRR,16953336.00,2026-10-05
MDWD,174546959.00,2026-10-05
MDXG,669040548.00,2026-10-05
MDXH,54483325.00,2026-10-05
MEC,419225442.00,2026-10-05
MED,131149646.00,2026-10-05
MEDS,10427405.00,2026-10-05
MEGL,62052242.00,2026-10-05
MEI,561053134.00,2026-10-05
MENS,165740314.00,2026-10-05
MERC,17216933.00,2026-10-05
MESO,1831594139.00,2026-10-05
METC,516152936.00,2026-10-05
METCB,275748576.00,2026-10-05
MF,25738388.00,2026-10-05
MFI,475171313.00,2026-10-05
MFIN,273456566.00,2026-10-05
MFP,1885657669.00,2026-10-05
MG,657700290.00,2026-10-05
MGIH,16762500.00,2026-10-05
MGLD,86705868.00,2026-10-05
MGN,3431750.00,2026-10-05
MGNX,228046669.00,2026-10-05
MGPI,273886032.00,2026-10-05
MGRT,1416387500.00,2026-10-05
MGRX,9427120.00,2026-10-05
MGTX,1036303927.00,2026-10-05
MGX,38532647.00,2026-10-05
MGYR,124685723.00,2026-10-05
MHH,85889954.00,2026-10-05
MI,456592.00,2026-10-05
MIMI,14060202.00,2026-10-05
MIND,40991638.00,2026-10-05
MINE,177917014.00,2026-10-05
MIRA,30680326.00,2026-10-05
MIST,100806014.00,2026-10-05
MITK,800922139.00,2026-10-05
MITQ,5752385.00,2026-10-05
MITT,183188016.00,2026-10-05
MKDW,51639647.00,2026-10-05
MKTW,317224893.00,2026-10-05
MKZR,3714752.00,2026-10-05
MLAB,741732436.00,2026-10-05
MLCI,38041811.00,2026-10-05
MLCO,1648619196.00,2026-10-05
MLEC,3449061.00,2026-10-05
MLGO,39426751.00,2026-10-05
MLKN,1392507851.00,2026-10-05
MLP,311987325.00,2026-10-05
MLR,617445288.00,2026-10-05
MLSS,34263584.00,2026-10-05
MLTX,971067276.00,2026-10-05
MMA,9851877.00,2026-10-05
MMI,1081974556.00,2026-10-05
MMLP,85291815.00,2026-10-05
MNDO,20387018.00,2026-10-05
MNDR,4850389.00,2026-10-05
MNKD,1221869039.00,2026-10-05
MNOV,87613818.00,2026-10-05
MNPR,523348051.00,2026-10-05
MNR,1717895887.00,2026-10-05
MNRO,443324371.00,2026-10-05
MNSB,177564030.00,2026-10-05
MNTK,408519069.00,2026-10-05
MNTN,739803282.00,2026-10-05
MNTS,81484218.00,2026-10-05
MNY,29819133.00,2026-10-05
MOB,54172819.00,2026-10-05
MOBI,305612261.00,2026-10-05
MOBX,15126393.00,2026-10-05
MODD,19276521.00,2026-10-05
MOGU,15220925.00,2026-10-05
MOLN,146668647.00,2026-10-05
MOMO,697367733.00,2026-10-05
MOV,751030167.00,2026-10-05
MOVE,367584004.00,2026-10-05
MPAA,199366670.00,2026-10-05
MPB,922201826.00,2026-10-05
MPLT,636076811.00,2026-10-05
MPT,1952844000.00,2026-10-05
MPTI,335156764.00,2026-10-05
MPU,9237488.00,2026-10-05
MPV,169421527.00,2026-10-05
MQ,1722835703.00,2026-10-05
MRAM,458510669.00,2026-10-05
MRBK,226294041.00,2026-10-05
MRDN,151400274.00,2026-10-05
MREO,60623148.00,2026-10-05
MRKR,17506783.00,2026-10-05
MRLN,172825911.00,2026-10-05
MRM,4520706.00,2026-10-05
MRNO,21245014.00,2026-10-05
MRT,166922888.00,2026-10-05
MRTN,1089366664.00,2026-10-05
MSAI,10377574.00,2026-10-05
MSB,247968189.00,2026-10-05
MSBI,687724992.00,2026-10-05
MSC,221251921.00,2026-10-05
MSEX,1009281748.00,2026-10-05
MSGM,22301578.00,2026-10-05
MSGY,9315752.00,2026-10-05
MSLE,180339732.00,2026-10-05
MSN,8290805.00,2026-10-05
MSS,1330052.00,2026-10-05
MTA,859227082.00,2026-10-05
MTAL,836989645.00,2026-10-05
MTC,498934933.00,2026-10-05
MTEK,7190561.00,2026-10-05
MTEN,7726364.00,2026-10-05
MTEX,12813009.00,2026-10-05
MTLS,502071081.00,2026-10-05
MTNB,2585933.00,2026-10-05
MTR,4600086.00,2026-10-05
MTRX,290840948.00,2026-10-05
MTUS,824426259.00,2026-10-05
MTVA,10145676.00,2026-10-05
MTW,837358920.00,2026-10-05
MUX,1088500961.00,2026-10-05
MVBF,394990263.00,2026-10-05
MVIS,44622040.00,2026-10-05
MVST,247947837.00,2026-10-05
MWC,103651063.00,2026-10-05
MWG,7353094.00,2026-10-05
MWYN,22214284.00,2026-10-05
MX,139737324.00,2026-10-05
MXC,20582760.00,2026-10-05
MXCT,110430640.00,2026-10-05
MYE,1189859554.00,2026-10-05
MYFW,293832732.00,2026-10-05
MYGN,434249388.00,2026-10-05
MYND,16972058.00,2026-10-05
MYO,64560802.00,2026-10-05
MYPS,59460083.00,2026-10-05
MYSE,8833931.00,2026-10-05
MYSZ,8685593.00,2026-10-05
NA,51070998.00,2026-10-05
NAAS,81057468.00,2026-10-05
NABL,799072592.00,2026-10-05
NAGE,220761546.00,2026-10-05
NAII,9271974.00,2026-10-05
NAK,747621810.00,2026-10-05
NAKA,172865149.00,2026-10-05
NAMI,8652130.00,2026-10-05
NAMM,70374032.00,2026-10-05
NAT,1782940582.00,2026-10-05
NATH,415871615.00,2026-10-05
NATR,219064224.00,2026-10-05
NAUT,249420237.00,2026-10-05
NAVI,861873379.00,2026-10-05
NB,506098216.00,2026-10-05
NBBK,988983319.00,2026-10-05
NBHC,1695175159.00,2026-10-05
NBN,1031371800.00,2026-10-05
NBP,156342193.00,2026-10-05
NBTX,1308303502.00,2026-10-05
NC,273567694.00,2026-10-05
NCDL,544245456.00,2026-10-05
NCEL,16461965.00,2026-10-05
NCEW,54144000.00,2026-10-05
NCI,3949184.00,2026-10-05
NCMI,198488635.00,2026-10-05
NCNA,4536548.00,2026-10-05
NCNO,1975151730.00,2026-10-05
NCPL,10987059.00,2026-10-05
NCRA,3873121.00,2026-10-05
NCT,2056501.00,2026-10-05
NCTY,50401451.00,2026-10-05
NDLS,79953244.00,2026-10-05
NDRA,9089018.00,2026-10-05
NECB,366865472.00,2026-10-05
NEGG,240984630.00,2026-10-05
NEON,15455393.00,2026-10-05
NEOV,179990403.00,2026-10-05
NEPH,39856640.00,2026-10-05
NERV,156611994.00,2026-10-05
NEUP,18777329.00,2026-10-05
NEWP,1163100111.00,2026-10-05
NEWT,322931293.00,2026-10-05
NEXA,1621053360.00,2026-10-05
NEXM,66305585.00,2026-10-05
NEXN,501730989.00,2026-10-05
NEXR,1644170.00,2026-10-05
NEXT,1724881606.00,2026-10-05
NFE,107233011.00,2026-10-05
NFGC,622659229.00,2026-10-05
NGEN,189414487.00,2026-10-05
NGNE,513291948.00,2026-10-05
NGS,427836113.00,2026-10-05
NGVC,705441580.00,2026-10-05
NHP,1173039455.00,2026-10-05
NHTC,8577848.00,2026-10-05
NICM,108027649.00,2026-10-05
NIKI,13517675.00,2026-10-05
NINE,105461924.00,2026-10-05
NIPG,94163525.00,2026-10-05
NIU,147459845.00,2026-10-05
NIVF,359861.00,2026-10-05
NIXX,8750706.00,2026-10-05
NKLR,387858187.00,2026-10-05
NKSH,271770649.00,2026-10-05
NKTR,1487951679.00,2026-10-05
NKTX,184433837.00,2026-10-05
NL,341313163.00,2026-10-05
NLOP,144585372.00,2026-10-05
NMAD,66336400.00,2026-10-05
NMAX,1229609340.00,2026-10-05
NMFC,655499587.00,2026-10-05
NMG,388405059.00,2026-10-05
NMRA,93929166.00,2026-10-05
NMTC,10198455.00,2026-10-05
NNBR,372439697.00,2026-10-05
NNDM,343667588.00,2026-10-05
NNE,838765041.00,2026-10-05
NNNN,798596160.00,2026-10-05
NNOX,49958797.00,2026-10-05
NNVC,32672000.00,2026-10-05
NOA,337513427.00,2026-10-05
NOAH,522332408.00,2026-10-05
NODK,305866798.00,2026-10-05
NOMA,29726464.00,2026-10-05
NOMD,1513216880.00,2026-10-05
NPB,530831275.00,2026-10-05
NPCE,435918280.00,2026-10-05
NPK,1075619379.00,2026-10-05
NPKI,1001087650.00,2026-10-05
NPT,54131400.00,2026-10-05
NPWR,312553400.00,2026-10-05
NRC,450133168.00,2026-10-05
NRDS,551656992.00,2026-10-05
NRDY,97721046.00,2026-10-05
NREF,297987338.00,2026-10-05
NRGV,716447906.00,2026-10-05
NRIM,550780406.00,2026-10-05
NRSN,7464309.00,2026-10-05
NRT,77752391.00,2026-10-05
NRXP,125774203.00,2026-10-05
NRXS,89285709.00,2026-10-05
NSP,1775316150.00,2026-10-05
NSPR,28939476.00,2026-10-05
NSRX,45906367.00,2026-10-05
NSSC,1293744366.00,2026-10-05
NSTR,285492104.00,2026-10-05
NSYS,33046610.00,2026-10-05
NTCL,4736273.00,2026-10-05
NTGR,640337735.00,2026-10-05
NTHI,89000624.00,2026-10-05
NTIC,73122580.00,2026-10-05
NTIP,37266985.00,2026-10-05
NTLA,1717953256.00,2026-10-05
NTRB,88493372.00,2026-10-05
NTRP,29417897.00,2026-10-05
NTST,1778770525.00,2026-10-05
NTWK,71117780.00,2026-10-05
NUAI,670258242.00,2026-10-05
NUCL,175408202.00,2026-10-05
NUR,11566474.00,2026-10-05
NUS,224399283.00,2026-10-05
NUTX,1482586155.00,2026-10-05
NUVB,1804773418.00,2026-10-05
NUWE,2530472.00,2026-10-05
NVA,219999560.00,2026-10-05
NVAX,1725332294.00,2026-10-05
NVCR,1739700850.00,2026-10-05
NVCT,714900327.00,2026-10-05
NVEC,538957036.00,2026-10-05
NVGS,1470927309.00,2026-10-05
NVNI,10304277.00,2026-10-05
NVNO,5628091.00,2026-10-05
NVRI,569722305.00,2026-10-05
NVX,56605040.00,2026-10-05
NWFL,367399894.00,2026-10-05
NWGL,41548558.00,2026-10-05
NWN,1994391830.00,2026-10-05
NWPX,1021447040.00,2026-10-05
NWTG,6898463.00,2026-10-05
NX,870697952.00,2026-10-05
NXAT,2371471.00,2026-10-05
NXDR,943910101.00,2026-10-05
NXDT,281461943.00,2026-10-05
NXGL,1696093.00,2026-10-05
NXH,263573605.00,2026-10-05
NXL,4752462.00,2026-10-05
NXP,621960212.00,2026-10-05
NXPL,23198048.00,2026-10-05
NXRT,477015009.00,2026-10-05
NXTC,23298757.00,2026-10-05
NXTS,2165466.00,2026-10-05
NXTT,8263317.00,2026-10-05
NXXT,12357809.00,2026-10-05
NYAX,1830600555.00,2026-10-05
NYC,20595244.00,2026-10-05
NYXH,136099028.00,2026-10-05
OABI,708051238.00,2026-10-05
OBE,693945928.00,2026-10-05
OBIO,357625042.00,2026-10-05
OBK,1654159734.00,2026-10-05
OBT,505882444.00,2026-10-05
OBX,839493385.00,2026-10-05
OCC,161278518.00,2026-10-05
OCFC,1621706775.00,2026-10-05
OCG,3353280.00,2026-10-05
OCGN,345892609.00,2026-10-05
OCS,537663877.00,2026-10-05
OCUL,1528526441.00,2026-10-05
ODC,1299024116.00,2026-10-05
ODD,1070811347.00,2026-10-05
ODTX,996012972.00,2026-10-05
ODYS,56886778.00,2026-10-05
OEC,327266427.00,2026-10-05
OESX,124477866.00,2026-10-05
OFAL,11888194.00,2026-10-05
OFIX,370259407.00,2026-10-05
OFLX,265783498.00,2026-10-05
OFRM,681088392.00,2026-10-05
OGEN,2199579.00,2026-10-05
OGG,859404322.00,2026-10-05
OGI,134393292.00,2026-10-05
OI,860494583.00,2026-10-05
OIG,934866347.00,2026-10-05
OIO,661242005.00,2026-10-05
OIS,496455154.00,2026-10-05
OKUR,103670551.00,2026-10-05
OKYO,77144905.00,2026-10-05
OLB,4542224.00,2026-10-05
OLMA,719667818.00,2026-10-05
OLN,1812321591.00,2026-10-05
OLOX,1396341.00,2026-10-05
OLP,480805279.00,2026-10-05
OM,74436769.00,2026-10-05
OMCL,1532660102.00,2026-10-05
OMDA,1246984240.00,2026-10-05
OMER,1347146561.00,2026-10-05
OMEX,38965213.00,2026-10-05
OMH,4475026.00,2026-10-05
OMSE,186349811.00,2026-10-05
ONCO,3213989.00,2026-10-05
ONCY,80459129.00,2026-10-05
ONEG,16000000.00,2026-10-05
ONEN,48663633.00,2026-10-05
ONEW,163656379.00,2026-10-05
ONFO,2149103.00,2026-10-05
ONIT,227744215.00,2026-10-05
ONL,137477761.00,2026-10-05
ONMD,32407865.00,2026-10-05
ONT,446342459.00,2026-10-05
OOMA,574080000.00,2026-10-05
OPAD,15730598.00,2026-10-05
OPAL,303960600.00,2026-10-05
OPBK,231156880.00,2026-10-05
OPFI,508693235.00,2026-10-05
OPHC,114107129.00,2026-10-05
OPI,346646981.00,2026-10-05
OPK,1164272031.00,2026-10-05
OPNW,72399744.00,2026-10-05
OPRA,1590885080.00,2026-10-05
OPRT,383993563.00,2026-10-05
OPRX,161424100.00,2026-10-05
OPTH,25709143.00,2026-10-05
OPTT,9276042.00,2026-10-05
OPTU,417224610.00,2026-10-05
OPTX,368158085.00,2026-10-05
OPXS,72730673.00,2026-10-05
OPY,1286352641.00,2026-10-05
ORBS,498541784.00,2026-10-05
ORC,1019973568.00,2026-10-05
ORGO,171137149.00,2026-10-05
ORIC,1265080666.00,2026-10-05
ORIO,24970050.00,2026-10-05
ORKT,5927367.00,2026-10-05
ORMP,186772119.00,2026-10-05
ORRF,819633315.00,2026-10-05
OSBC,1269349114.00,2026-10-05
OSG,207236836.00,2026-10-05
OSPN,667761375.00,2026-10-05
OSS,215981526.00,2026-10-05
OSTX,75282680.00,2026-10-05
OSUR,273460606.00,2026-10-05
OTLK,144364400.00,2026-10-05
OTLY,336674322.00,2026-10-05
OVBC,210157755.00,2026-10-05
OVID,464808900.00,2026-10-05
OVLY,286789216.00,2026-10-05
OWLS,206526744.00,2026-10-05
OWLT,147861686.00,2026-10-05
OXBR,9115206.00,2026-10-05
OXM,373408371.00,2026-10-05
PAAC,177587797.00,2026-10-05
PAAI,55228357.00,2026-10-05
PACB,789510128.00,2026-10-05
PACK,350751402.00,2026-10-05
PAHC,1512003696.00,2026-10-05
PAL,99868406.00,2026-10-05
PALI,250949604.00,2026-10-05
PAMT,256333226.00,2026-10-05
PANL,551943898.00,2026-10-05
PAPL,23567918.00,2026-10-05
PAR,589418589.00,2026-10-05
PARK,94344795.00,2026-10-05
PASG,13257377.00,2026-10-05
PASW,15543840.00,2026-10-05
PAVM,22948285.00,2026-10-05
PAVS,3261143.00,2026-10-05
PAX,1656947421.00,2026-10-05
PAYS,803456480.00,2026-10-05
PBAM,497918577.00,2026-10-05
PBFS,441436352.00,2026-10-05
PBHC,85378415.00,2026-10-05
PBK,10731887.00,2026-10-05
PBM,19681932.00,2026-10-05
PBT,1471439690.00,2026-10-05
PBYI,490906828.00,2026-10-05
PCB,393389302.00,2026-10-05
PCLA,64797046.00,2026-10-05
PCRX,1004918146.00,2026-10-05
PCSA,4497351.00,2026-10-05
PCT,881972116.00,2026-10-05
PCYO,262661333.00,2026-10-05
PD,1206489052.00,2026-10-05
PDC,28074917.00,2026-10-05
PDEX,205237609.00,2026-10-05
PDLB,492223785.00,2026-10-05
PDM,1126195425.00,2026-10-05
PDS,1068802078.00,2026-10-05
PDSB,54246945.00,2026-10-05
PDYN,262974258.00,2026-10-05
PEBK,241780162.00,2026-10-05
PEBO,1347117966.00,2026-10-05
PED,170270687.00,2026-10-05
PENN,1980163549.00,2026-10-05
PEPG,157911699.00,2026-10-05
PERF,194530962.00,2026-10-05
PERI,334307712.00,2026-10-05
PESI,330157542.00,2026-10-05
PETS,29483323.00,2026-10-05
PETZ,13420248.00,2026-10-05
PEW,56960935.00,2026-10-05
PFAI,29693547.00,2026-10-05
PFIS,693618329.00,2026-10-05
PFLT,678650409.00,2026-10-05
PFSA,1023543.00,2026-10-05
PFX,86665876.00,2026-10-05
PGC,790312100.00,2026-10-05
PGNY,1935817114.00,2026-10-05
PGY,1499996657.00,2026-10-05
PHAR,688595993.00,2026-10-05
PHAT,559834463.00,2026-10-05
PHIO,11444153.00,2026-10-05
PHOE,408240000.00,2026-10-05
PHOS,283338506.00,2026-10-05
PHR,625054406.00,2026-10-05
PHUN,40925350.00,2026-10-05
PICS,1177950766.00,2026-10-05
PIII,46179846.00,2026-10-05
PINE,317097996.00,2026-10-05
PKBK,386599519.00,2026-10-05
PKE,661671839.00,2026-10-05
PKOH,686391774.00,2026-10-05
PLAB,1857820789.00,2026-10-05
PLAG,9820573.00,2026-10-05
PLAY,235106847.00,2026-10-05
PLBC,435216861.00,2026-10-05
PLBY,124599996.00,2026-10-05
PLCE,44251763.00,2026-10-05
PLG,161135241.00,2026-10-05
PLOW,934851133.00,2026-10-05
PLRX,64089163.00,2026-10-05
PLRZ,23338884.00,2026-10-05
PLSM,14241228.00,2026-10-05
PLTK,831491645.00,2026-10-05
PLUR,12468183.00,2026-10-05
PLUT,40677500.00,2026-10-05
PLX,218349150.00,2026-10-05
PLYX,103679665.00,2026-10-05
PMA,200459250.00,2026-10-05
PMAX,1667670.00,2026-10-05
PMCB,4295333.00,2026-10-05
PMEC,19255095.00,2026-10-05
PMI,13517305.00,2026-10-05
PMN,84296314.00,2026-10-05
PMT,680178424.00,2026-10-05
PMTS,288176673.00,2026-10-05
PMVP,135172623.00,2026-10-05
PN,38212925.00,2026-10-05
PNBK,110453994.00,2026-10-05
PNNT,212212306.00,2026-10-05
PNRG,323894916.00,2026-10-05
PNTG,1370616864.00,2026-10-05
POAS,4420080.00,2026-10-05
POCI,48938652.00,2026-10-05
PODC,71093836.00,2026-10-05
POET,1348122506.00,2026-10-05
POLA,4998810.00,2026-10-05
POM,6411518.00,2026-10-05
POWW,265779532.00,2026-10-05
PPBT,2456569.00,2026-10-05
PPCB,3213041.00,2026-10-05
PPHC,315096346.00,2026-10-05
PPIH,261098403.00,2026-10-05
PPSI,36738570.00,2026-10-05
PRAA,710417873.00,2026-10-05
PRCT,982815988.00,2026-10-05
PRDO,1996833825.00,2026-10-05
PRE,341633812.00,2026-10-05
PRFX,3219212.00,2026-10-05
PRG,1234780623.00,2026-10-05
PRGO,1978849434.00,2026-10-05
PRGS,1508257685.00,2026-10-05
PRHI,25698191.00,2026-10-05
PRKS,1471778890.00,2026-10-05
PRLD,292878790.00,2026-10-05
PRME,540503031.00,2026-10-05
PROF,213350349.00,2026-10-05
PROK,519994967.00,2026-10-05
PROP,42400772.00,2026-10-05
PROV,114143771.00,2026-10-05
PRPL,9141529.00,2026-10-05
PRPO,41407048.00,2026-10-05
PRQR,230733613.00,2026-10-05
PRSO,7130016.00,2026-10-05
PRSU,1428096439.00,2026-10-05
PRTA,429177103.00,2026-10-05
PRTH,641386094.00,2026-10-05
PRTS,69604678.00,2026-10-05
PRZO,15811243.00,2026-10-05
PSFE,281441394.00,2026-10-05
PSHG,21009164.00,2026-10-05
PSIG,70444165.00,2026-10-05
PSIX,1034485433.00,2026-10-05
PSNL,1738701916.00,2026-10-05
PSNY,1023465204.00,2026-10-05
PSQH,17517690.00,2026-10-05
PSQL,1284376831.00,2026-10-05
PSTL,686346928.00,2026-10-05
PSUS,971211000.00,2026-10-05
PTHS,78866461.00,2026-10-05
PTLE,47359660.00,2026-10-05
PTLO,266560716.00,2026-10-05
PTN,16616161.00,2026-10-05
PUBM,839032124.00,2026-10-05
PULM,5734087.00,2026-10-05
PUMP,1138577711.00,2026-10-05
PUSA,512689719.00,2026-10-05
PVLA,1908681675.00,2026-10-05
PW,2441348.00,2026-10-05
PWCM,2172545.00,2026-10-05
PWP,1539465177.00,2026-10-05
PXED,905149611.00,2026-10-05
PXLW,42527233.00,2026-10-05
PXS,79426824.00,2026-10-05
PYPD,105418066.00,2026-10-05
PYXS,254837637.00,2026-10-05
PZG,103458457.00,2026-10-05
PZZA,639668378.00,2026-10-05
QCLS,6125999.00,2026-10-05
QCRH,1653118233.00,2026-10-05
QDEL,738557349.00,2026-10-05
QFIN,786517171.00,2026-10-05
QH,10123286.00,2026-10-05
QMCO,1359645035.00,2026-10-05
QMLS,218484103.00,2026-10-05
QNBC,275876144.00,2026-10-05
QNC,348877275.00,2026-10-05
QNCX,29698240.00,2026-10-05
QNME,19279433.00,2026-10-05
QNRX,21474600.00,2026-10-05
QNST,856634178.00,2026-10-05
QNTM,27821072.00,2026-10-05
QRHC,28897213.00,2026-10-05
QSI,339270064.00,2026-10-05
QTEX,61560327.00,2026-10-05
QTI,39079519.00,2026-10-05
QTRX,172146757.00,2026-10-05
QTTB,245002705.00,2026-10-05
QUAD,484765465.00,2026-10-05
QUBT,1851517323.00,2026-10-05
QUCY,111810695.00,2026-10-05
QUIK,217431586.00,2026-10-05
QURE,1627336026.00,2026-10-05
QVCG,722998511.00,2026-10-05
QXL,92957330.00,2026-10-05
RADX,20531067.00,2026-10-05
RAIL,226259832.00,2026-10-05
RAIN,9037868.00,2026-10-05
RANI,113021725.00,2026-10-05
RAPP,1543461461.00,2026-10-05
RARE,1500522647.00,2026-10-05
RAVE,32828717.00,2026-10-05
RAYA,2077779.00,2026-10-05
RBB,443029097.00,2026-10-05
RBBN,316517333.00,2026-10-05
RBCAA,1839621778.00,2026-10-05
RBKB,205612953.00,2026-10-05
RBNE,2997668.00,2026-10-05
RC,186665821.00,2026-10-05
RCAT,977371917.00,2026-10-05
RCBC,769197966.00,2026-10-05
RCEL,393389494.00,2026-10-05
RCKT,281022968.00,2026-10-05
RCKY,350171920.00,2026-10-05
RCMT,298722986.00,2026-10-05
RCON,27744923.00,2026-10-05
RCT,14624326.00,2026-10-05
RDCM,171744803.00,2026-10-05
RDGT,3171855.00,2026-10-05
RDHL,3040460.00,2026-10-05
RDI,44979100.00,2026-10-05
RDIB,368073242.00,2026-10-05
RDNW,209879653.00,2026-10-05
RDVT,1272043708.00,2026-10-05
RDWR,1298823979.00,2026-10-05
RDZN,103901377.00,2026-10-05
REA,205739181.00,2026-10-05
REAL,1082872924.00,2026-10-05
REAX,359707200.00,2026-10-05
REBN,18791866.00,2026-10-05
RECT,19817920.00,2026-10-05
REED,8252532.00,2026-10-05
REF,759169262.00,2026-10-05
REFI,257748729.00,2026-10-05
REFR,25404669.00,2026-10-05
REI,341306885.00,2026-10-05
REKR,51118194.00,2026-10-05
RELL,282271500.00,2026-10-05
RENT,52349888.00,2026-10-05
RENX,5279187.00,2026-10-05
REPL,1231450616.00,2026-10-05
REPX,934668189.00,2026-10-05
RERE,798124585.00,2026-10-05
RES,1298910090.00,2026-10-05
RETO,11574493.00,2026-10-05
REVB,3041736.00,2026-10-05
RFIL,91121192.00,2026-10-05
RFL,80079994.00,2026-10-05
RGCO,227146321.00,2026-10-05
RGNT,12994254.00,2026-10-05
RGNX,490478017.00,2026-10-05
RGP,134988065.00,2026-10-05
RGR,708955219.00,2026-10-05
RGS,72629561.00,2026-10-05
RGT,89241268.00,2026-10-05
RHLD,906369256.00,2026-10-05
RICK,203496590.00,2026-10-05
RIGL,880755588.00,2026-10-05
RILY,195370809.00,2026-10-05
RIME,3450684.00,2026-10-05
RJET,825895980.00,2026-10-05
RKDA,694335.00,2026-10-05
RKTO,17371042.00,2026-10-05
RLGT,438930367.00,2026-10-05
RLJ,1709657284.00,2026-10-05
RLMD,384011446.00,2026-10-05
RLYB,90703323.00,2026-10-05
RM,293380249.00,2026-10-05
RMBI,258759670.00,2026-10-05
RMCF,8347427.00,2026-10-05
RMCO,38235224.00,2026-10-05
RMIX,897996891.00,2026-10-05
RML,61590397.00,2026-10-05
RMNI,395829440.00,2026-10-05
RMR,568782407.00,2026-10-05
RMSG,4690531.00,2026-10-05
RMT,629259855.00,2026-10-05
RMTI,34863522.00,2026-10-05
RNA,134108241.00,2026-10-05
RNAC,222679391.00,2026-10-05
RNAZ,26581260.00,2026-10-05
RNGR,366475680.00,2026-10-05
RNTX,69074013.00,2026-10-05
RNXT,71304623.00,2026-10-05
ROC,78037719.00,2026-10-05
ROCK,1191808143.00,2026-10-05
ROLR,53933341.00,2026-10-05
ROMA,512255311.00,2026-10-05
ROOT,716717838.00,2026-10-05
RPAY,343267672.00,2026-10-05
RPC,840016913.00,2026-10-05
RPD,821613802.00,2026-10-05
RPGL,37533747.00,2026-10-05
RPID,46146792.00,2026-10-05
RPT,86275460.00,2026-10-05
RR,378171264.00,2026-10-05
RRBI,680862401.00,2026-10-05
RRGB,150284828.00,2026-10-05
RSKD,1068694395.00,2026-10-05
RSSS,72589738.00,2026-10-05
RSVR,627660673.00,2026-10-05
RTB,138517321.00,2026-10-05
RUBI,2566812.00,2026-10-05
RUN,1856930231.00,2026-10-05
RVLV,1475022465.00,2026-10-05
RVP,20866200.00,2026-10-05
RVSB,120762072.00,2026-10-05
RVSN,7464393.00,2026-10-05
RVT,1864412468.00,2026-10-05
RWAY,274509871.00,2026-10-05
RWT,443411885.00,2026-10-05
RXST,194656438.00,2026-10-05
RXT,1050076142.00,2026-10-05
RYAM,481626761.00,2026-10-05
RYDE,129042035.00,2026-10-05
RYET,32057075.00,2026-10-05
RYM,43120000.00,2026-10-05
RYOJ,32917500.00,2026-10-05
RYZ,1327048557.00,2026-10-05
RZAI,1107303441.00,2026-10-05
RZLT,387856555.00,2026-10-05
RZLV,824807038.00,2026-10-05
SABR,795058932.00,2026-10-05
SABS,271139377.00,2026-10-05
SACH,43969602.00,2026-10-05
SAFE,854044337.00,2026-10-05
SAFT,1525595689.00,2026-10-05
SAFX,136798798.00,2026-10-05
SAGT,11406680.00,2026-10-05
SAH,1986358010.00,2026-10-05
SAIH,44733996.00,2026-10-05
SAIQ,59912346.00,2026-10-05
SAM,1723856568.00,2026-10-05
SAMG,124875464.00,2026-10-05
SANA,865152241.00,2026-10-05
SANG,162560632.00,2026-10-05
SATL,880929690.00,2026-10-05
SB,1006496529.00,2026-10-05
SBC,523490940.00,2026-10-05
SBFG,183837965.00,2026-10-05
SBFM,2872816.00,2026-10-05
SBGI,898913486.00,2026-10-05
SBH,1520426022.00,2026-10-05
SBMT,242133700.00,2026-10-05
SBR,1026531681.00,2026-10-05
SBSI,915999225.00,2026-10-05
SCAG,15778080.00,2026-10-05
SCHL,666421873.00,2026-10-05
SCKT,5864706.00,2026-10-05
SCL,1432150020.00,2026-10-05
SCLX,34481580.00,2026-10-05
SCM,211036333.00,2026-10-05
SCNI,1799793.00,2026-10-05
SCNX,6520986.00,2026-10-05
SCOR,64381542.00,2026-10-05
SCSC,1243415785.00,2026-10-05
SCTX,317862907.00,2026-10-05
SCWO,54571936.00,2026-10-05
SCYX,50941998.00,2026-10-05
SCZM,818314499.00,2026-10-05
SD,504965532.00,2026-10-05
SDA,45322956.00,2026-10-05
SDEV,387100165.00,2026-10-05
SDHC,512350080.00,2026-10-05
SDOT,33899056.00,2026-10-05
SDST,3444989.00,2026-10-05
SEAT,41226793.00,2026-10-05
SEED,8986209.00,2026-10-05
SEER,124587034.00,2026-10-05
SEG,286677416.00,2026-10-05
SEGG,7643497.00,2026-10-05
SELF,55393887.00,2026-10-05
SENEA,1202707922.00,2026-10-05
SENEB,1179424158.00,2026-10-05
SENS,522395644.00,2026-10-05
SEPN,1760187671.00,2026-10-05
SER,49784927.00,2026-10-05
SERA,82449384.00,2026-10-05
SERV,400155145.00,2026-10-05
SES,328477963.00,2026-10-05
SEV,67743284.00,2026-10-05
SEVN,152932091.00,2026-10-05
SFBC,118669267.00,2026-10-05
SFHG,8526000.00,2026-10-05
SFIX,348705623.00,2026-10-05
SFST,576356292.00,2026-10-05
SFWL,45923614.00,2026-10-05
SG,1083275967.00,2026-10-05
SGA,53852158.00,2026-10-05
SGC,206968709.00,2026-10-05
SGHT,469900555.00,2026-10-05
SGLD,66636609.00,2026-10-05
SGLY,3948548.00,2026-10-05
SGML,1023245965.00,2026-10-05
SGMT,644671108.00,2026-10-05
SGP,833523637.00,2026-10-05
SGRX,2397752.00,2026-10-05
SGRY,1743831223.00,2026-10-05
SGU,422608462.00,2026-10-05
SHAZ,1819176089.00,2026-10-05
SHBI,767562348.00,2026-10-05
SHEN,579540425.00,2026-10-05
SHFS,1212740.00,2026-10-05
SHIM,130207842.00,2026-10-05
SHIP,386127288.00,2026-10-05
SHLS,1396889585.00,2026-10-05
SHMD,304535450.00,2026-10-05
SHOE,341972393.00,2026-10-05
SHPH,19868782.00,2026-10-05
SI,395768373.00,2026-10-05
SIBN,810319836.00,2026-10-05
SID,1538268979.00,2026-10-05
SIDU,183217840.00,2026-10-05
SIEB,90422059.00,2026-10-05
SIF,147722503.00,2026-10-05
SIFY,964104726.00,2026-10-05
SIGA,242852040.00,2026-10-05
SILC,345029088.00,2026-10-05
SILO,2556239.00,2026-10-05
SINT,14728620.00,2026-10-05
SION,221992879.00,2026-10-05
SITC,179465659.00,2026-10-05
SJ,35070000.00,2026-10-05
SJT,175249073.00,2026-10-05
SKIL,51963535.00,2026-10-05
SKIN,81988681.00,2026-10-05
SKK,14038622.00,2026-10-05
SKYA,79575411.00,2026-10-05
SKYE,7438497.00,2026-10-05
SKYH,758338129.00,2026-10-05
SKYQ,21730139.00,2026-10-05
SKYX,159808573.00,2026-10-05
SLBT,880392818.00,2026-10-05
SLDB,734492880.00,2026-10-05
SLDP,531662224.00,2026-10-05
SLE,15945039.00,2026-10-05
SLGB,12955500.00,2026-10-05
SLGL,235727928.00,2026-10-05
SLI,429404442.00,2026-10-05
SLMT,47670243.00,2026-10-05
SLN,661316432.00,2026-10-05
SLND,36471622.00,2026-10-05
SLNG,90563986.00,2026-10-05
SLNH,263971190.00,2026-10-05
SLP,374159503.00,2026-10-05
SLQT,73658674.00,2026-10-05
SLSN,57930577.00,2026-10-05
SLSR,1184280476.00,2026-10-05
SLVM,1291412693.00,2026-10-05
SLXN,2868451.00,2026-10-05
SMA,1800043037.00,2026-10-05
SMBC,799453923.00,2026-10-05
SMBK,871851138.00,2026-10-05
SMC,626301341.00,2026-10-05
SMHI,224388471.00,2026-10-05
SMID,117709207.00,2026-10-05
SMJF,51254250.00,2026-10-05
SMP,838207793.00,2026-10-05
SMPL,869567157.00,2026-10-05
SMRT,229934159.00,2026-10-05
SMSI,14813182.00,2026-10-05
SMTI,320203020.00,2026-10-05
SMTK,1709068.00,2026-10-05
SMWB,692252958.00,2026-10-05
SMX,4158483.00,2026-10-05
SMXT,10243184.00,2026-10-05
SNAL,19434110.00,2026-10-05
SND,226410986.00,2026-10-05
SNDA,1811409223.00,2026-10-05
SNDL,305189845.00,2026-10-05
SNDX,1571628714.00,2026-10-05
SNES,4224939.00,2026-10-05
SNFCA,248312011.00,2026-10-05
SNGX,7953106.00,2026-10-05
SNOA,5937647.00,2026-10-05
SNSC,45339000.00,2026-10-05
SNT,35930746.00,2026-10-05
SNTG,4965425.00,2026-10-05
SNTI,10037954.00,2026-10-05
SNWV,41463129.00,2026-10-05
SOAR,15070943.00,2026-10-05
SOC,673462198.00,2026-10-05
SOGP,45122518.00,2026-10-05
SOHU,324559324.00,2026-10-05
SONM,6072133.00,2026-10-05
SOPH,686981548.00,2026-10-05
SORA,55446720.00,2026-10-05
SOS,5798149.00,2026-10-05
SOTK,97443683.00,2026-10-05
SOWG,45827756.00,2026-10-05
SPAI,90003850.00,2026-10-05
SPB,1801015079.00,2026-10-05
SPCB,59099053.00,2026-10-05
SPCE,459335586.00,2026-10-05
SPFI,810458297.00,2026-10-05
SPH,1112095491.00,2026-10-05
SPHL,28815653.00,2026-10-05
SPIR,451314542.00,2026-10-05
SPOK,227798512.00,2026-10-05
SPPL,20110608.00,2026-10-05
SPRB,131371134.00,2026-10-05
SPRC,2742193.00,2026-10-05
SPRO,69299444.00,2026-10-05
SPRU,30418454.00,2026-10-05
SPRY,404750686.00,2026-10-05
SPT,611375419.00,2026-10-05
SPTX,986032731.00,2026-10-05
SPWH,44229855.00,2026-10-05
SPWR,96090104.00,2026-10-05
SQFT,1692630.00,2026-10-05
SQNS,41937462.00,2026-10-05
SRBK,146730826.00,2026-10-05
SRFM,129128966.00,2026-10-05
SRG,101947539.00,2026-10-05
SRI,191673713.00,2026-10-05
SRPT,1848472868.00,2026-10-05
SRTA,418447992.00,2026-10-05
SRTS,49056936.00,2026-10-05
SRXH,32627280.00,2026-10-05
SRZN,344614321.00,2026-10-05
SSBI,81312089.00,2026-10-05
SSII,535029111.00,2026-10-05
SSM,3754438.00,2026-10-05
SSP,253913035.00,2026-10-05
SST,25592304.00,2026-10-05
SSTI,110293465.00,2026-10-05
SSTK,140770676.00,2026-10-05
SSYS,749701089.00,2026-10-05
STAA,1126735320.00,2026-10-05
STAK,21131384.00,2026-10-05
STBA,1750579023.00,2026-10-05
STC,1573419358.00,2026-10-05
STDN,1960015453.00,2026-10-05
STEM,41009929.00,2026-10-05
STEX,71311775.00,2026-10-05
STFS,55457282.00,2026-10-05
STG,38170039.00,2026-10-05
STHO,102449704.00,2026-10-05
STI,46339350.00,2026-10-05
STIM,164586000.00,2026-10-05
STKE,67522563.00,2026-10-05
STKH,723859.00,2026-10-05
STKS,49434877.00,2026-10-05
STLN,647167330.00,2026-10-05
STOK,1653162320.00,2026-10-05
STRA,1770386603.00,2026-10-05
STRO,254520975.00,2026-10-05
STRR,36008573.00,2026-10-05
STRT,262213855.00,2026-10-05
STRW,191124036.00,2026-10-05
STRZ,398136976.00,2026-10-05
STTK,675444693.00,2026-10-05
STXS,118238570.00,2026-10-05
SUGP,964334.00,2026-10-05
SUIG,125956710.00,2026-10-05
SUJA,374662616.00,2026-10-05
SUNE,15240673.00,2026-10-05
SUNS,83798276.00,2026-10-05
SUPV,626623023.00,2026-10-05
SUPX,287389958.00,2026-10-05
SURG,7756375.00,2026-10-05
SVC,826270533.00,2026-10-05
SVCO,310054686.00,2026-10-05
SVIA,360848683.00,2026-10-05
SVRA,988262672.00,2026-10-05
SVRE,3474771.00,2026-10-05
SVRN,67829507.00,2026-10-05
SVV,1426869249.00,2026-10-05
SWAG,27400196.00,2026-10-05
SWBI,656452915.00,2026-10-05
SWIM,754111411.00,2026-10-05
SWMR,245832791.00,2026-10-05
SWRD,552782786.00,2026-10-05
SWVL,116099118.00,2026-10-05
SXC,840261015.00,2026-10-05
SXTC,3184757.00,2026-10-05
SXTP,4888613.00,2026-10-05
SY,275830970.00,2026-10-05
SYNX,6700784.00,2026-10-05
SYPR,41447579.00,2026-10-05
TACO,381185747.00,2026-10-05
TACT,49660706.00,2026-10-05
TANH,9874499.00,2026-10-05
TAOP,3884162.00,2026-10-05
TAOX,33001097.00,2026-10-05
TARA,159557818.00,2026-10-05
TASK,738997389.00,2026-10-05
TATT,456811675.00,2026-10-05
TAYD,177298314.00,2026-10-05
TBBK,1990804147.00,2026-10-05
TBCH,250556857.00,2026-10-05
TBI,279479078.00,2026-10-05
TBLA,814333885.00,2026-10-05
TBN,1176404202.00,2026-10-05
TC,44637667.00,2026-10-05
TCBK,1681125072.00,2026-10-05
TCBS,49209814.00,2026-10-05
TCBX,722159499.00,2026-10-05
TCI,389564046.00,2026-10-05
TCMD,500615521.00,2026-10-05
TCRT,2088266.00,2026-10-05
TCRX,20352605.00,2026-10-05
TCX,105000032.00,2026-10-05
TDAY,1035066484.00,2026-10-05
TDIC,7459148.00,2026-10-05
TDOC,1002895796.00,2026-10-05
TDTH,57887477.00,2026-10-05
TDUP,284994021.00,2026-10-05
TE,1154347978.00,2026-10-05
TEAD,54818426.00,2026-10-05
TECX,440642710.00,2026-10-05
TELA,51463487.00,2026-10-05
TELO,81154448.00,2026-10-05
TEN,1507886530.00,2026-10-05
TENX,74099356.00,2026-10-05
TFIN,1485762311.00,2026-10-05
TG,245657473.00,2026-10-05
TGE,54107625.00,2026-10-05
TGEN,79997728.00,2026-10-05
TGHL,19883121.00,2026-10-05
TGL,2521733.00,2026-10-05
TGLS,1541226760.00,2026-10-05
TH,1876905289.00,2026-10-05
THCH,38562555.00,2026-10-05
THFF,891773281.00,2026-10-05
THH,7506938.00,2026-10-05
THM,643628184.00,2026-10-05
THRM,1704012001.00,2026-10-05
THRY,67547449.00,2026-10-05
TIC,1802500141.00,2026-10-05
TIGR,743394750.00,2026-10-05
TII,241511995.00,2026-10-05
TIL,48965867.00,2026-10-05
TIPT,646108656.00,2026-10-05
TISI,132454740.00,2026-10-05
TITN,598206242.00,2026-10-05
TJGC,336128765.00,2026-10-05
TK,1287793415.00,2026-10-05
TKLF,6349172.00,2026-10-05
TKNO,482657332.00,2026-10-05
TLF,20070584.00,2026-10-05
TLIH,16686969.00,2026-10-05
TLPH,58653549.00,2026-10-05
TLRY,533493529.00,2026-10-05
TLS,313147146.00,2026-10-05
TLSA,142530227.00,2026-10-05
TLSI,266002272.00,2026-10-05
TLYS,140089674.00,2026-10-05
TMC,1671903477.00,2026-10-05
TMCI,285501683.00,2026-10-05
TMCR,230555955.00,2026-10-05
TMDE,15397371.00,2026-10-05
TMP,1422325475.00,2026-10-05
TMQ,533784025.00,2026-10-05
TMS,561293132.00,2026-10-05
TNC,1144349217.00,2026-10-05
TNDM,1148048666.00,2026-10-05
TNMG,3620327.00,2026-10-05
TNON,5937601.00,2026-10-05
TNXP,152815624.00,2026-10-05
TNYA,126488150.00,2026-10-05
TOMZ,13513741.00,2026-10-05
TONX,196607001.00,2026-10-05
TOON,34896503.00,2026-10-05
TOP,1932093735.00,2026-10-05
TOPP,3087500.00,2026-10-05
TOPS,6704454.00,2026-10-05
TORO,185929195.00,2026-10-05
TOUR,53970058.00,2026-10-05
TOVX,10330440.00,2026-10-05
TOYO,186681803.00,2026-10-05
TP,110273070.00,2026-10-05
TPB,1115522020.00,2026-10-05
TPCS,53503618.00,2026-10-05
TPET,8571490.00,2026-10-05
TPST,13417059.00,2026-10-05
TPVG,199477643.00,2026-10-05
TRAK,147247740.00,2026-10-05
TRAW,8736865.00,2026-10-05
TRAX,1189122455.00,2026-10-05
TRBG,102842200.00,2026-10-05
TRC,442611253.00,2026-10-05
TRDA,209479279.00,2026-10-05
TREE,345934783.00,2026-10-05
TREO,40563861.00,2026-10-05
TRIB,4626721.00,2026-10-05
TRIN,1665659967.00,2026-10-05
TRIP,997366400.00,2026-10-05
TRNR,3579541.00,2026-10-05
TRNS,848607895.00,2026-10-05
TRON,668878710.00,2026-10-05
TROO,210115486.00,2026-10-05
TROX,627621114.00,2026-10-05
TRS,1403385912.00,2026-10-05
TRSG,18642973.00,2026-10-05
TRST,948274841.00,2026-10-05
TRT,63969740.00,2026-10-05
TRTX,471361715.00,2026-10-05
TRUG,3273600.00,2026-10-05
TRUP,1034516167.00,2026-10-05
TRVG,330500074.00,2026-10-05
TRVI,1981838948.00,2026-10-05
TRX,392968811.00,2026-10-05
TSAT,1735584384.00,2026-10-05
TSBK,353715137.00,2026-10-05
TSHA,1508609313.00,2026-10-05
TSLX,1717129933.00,2026-10-05
TSQ,82953957.00,2026-10-05
TSSI,288963277.00,2026-10-05
TTEC,68028397.00,2026-10-05
TTGT,258227596.00,2026-10-05
TTI,888436674.00,2026-10-05
TTRX,397074573.00,2026-10-05
TULP,13043606.00,2026-10-05
TURB,12978511.00,2026-10-05
TUSK,134757238.00,2026-10-05
TUYA,1036453516.00,2026-10-05
TV,1413304644.00,2026-10-05
TVGN,45450549.00,2026-10-05
TVRD,15339784.00,2026-10-05
TWAV,6087234.00,2026-10-05
TWFG,1330214650.00,2026-10-05
TWG,6914670.00,2026-10-05
TWI,451151040.00,2026-10-05
TWIN,414431801.00,2026-10-05
TXMD,23727442.00,2026-10-05
TXO,768487201.00,2026-10-05
TY,1864237071.00,2026-10-05
TYG,454572383.00,2026-10-05
TYGO,66570485.00,2026-10-05
TYRA,1404683834.00,2026-10-05
TZOO,53154176.00,2026-10-05
UA,1971614033.00,2026-10-05
UAMY,597180842.00,2026-10-05
UAN,1319302090.00,2026-10-05
UAVS,60200761.00,2026-10-05
UBCP,84828311.00,2026-10-05
UCAR,7365993.00,2026-10-05
UCL,10524889.00,2026-10-05
UEIC,73058302.00,2026-10-05
UFCS,1404031078.00,2026-10-05
UFG,14281354.00,2026-10-05
UFI,121570994.00,2026-10-05
UG,32757494.00,2026-10-05
UHT,508969808.00,2026-10-05
UIS,166248377.00,2026-10-05
UK,1322004.00,2026-10-05
ULBI,108477881.00,2026-10-05
ULCC,1425035622.00,2026-10-05
ULH,486749680.00,2026-10-05
UMAC,1117527017.00,2026-10-05
UMH,1315792096.00,2026-10-05
UNB,113903340.00,2026-10-05
UNCY,117549185.00,2026-10-05
UNIT,1951510085.00,2026-10-05
UNTY,555756267.00,2026-10-05
UONE,18367557.00,2026-10-05
UONEK,16475421.00,2026-10-05
UP,126965444.00,2026-10-05
UPB,276046047.00,2026-10-05
UPBD,927543534.00,2026-10-05
UPC,22609755.00,2026-10-05
UPLD,11030322.00,2026-10-05
UPWK,1005472088.00,2026-10-05
UPXI,103168795.00,2026-10-05
URG,417756906.00,2026-10-05
UROY,1497526173.00,2026-10-05
USAS,1494656654.00,2026-10-05
USAU,239169754.00,2026-10-05
USBC,207036238.00,2026-10-05
USCB,416599299.00,2026-10-05
USDE,384697875.00,2026-10-05
USEA,25419140.00,2026-10-05
USGO,91512999.00,2026-10-05
USIO,83491563.00,2026-10-05
USNA,273822234.00,2026-10-05
USPH,1249328277.00,2026-10-05
UTI,1067745577.00,2026-10-05
UTL,933717709.00,2026-10-05
UTMD,236016428.00,2026-10-05
UTSI,21266806.00,2026-10-05
UUU,14778899.00,2026-10-05
UVE,1223144102.00,2026-10-05
UVSP,1153151910.00,2026-10-05
UVV,1050748645.00,2026-10-05
UXIN,280474833.00,2026-10-05
UZX,4203625.00,2026-10-05
VABK,255313771.00,2026-10-05
VAI,32608775.00,2026-10-05
VALN,544643453.00,2026-10-05
VALU,379974969.00,2026-10-05
VANI,110950128.00,2026-10-05
VATE,102313995.00,2026-10-05
VBIO,3329769.00,2026-10-05
VBNK,726187370.00,2026-10-05
VCIG,2895458.00,2026-10-05
VEEA,10358658.00,2026-10-05
VEEE,6351569.00,2026-10-05
VEL,576034458.00,2026-10-05
VELO,360070122.00,2026-10-05
VENU,82417075.00,2026-10-05
VERI,91111630.00,2026-10-05
VERU,42796303.00,2026-10-05
VERX,1948237940.00,2026-10-05
VFF,347293083.00,2026-10-05
VGAS,48559087.00,2026-10-05
VGM,482664515.00,2026-10-05
VGZ,389743494.00,2026-10-05
VHC,43974174.00,2026-10-05
VHI,421702564.00,2026-10-05
VHUB,46317203.00,2026-10-05
VIDA,23186862.00,2026-10-05
VINP,618238826.00,2026-10-05
VIOT,105021899.00,2026-10-05
VIP,58187343.00,2026-10-05
VIR,1890142251.00,2026-10-05
VIRC,102622436.00,2026-10-05
VISN,1432190019.00,2026-10-05
VITL,388959589.00,2026-10-05
VIVK,2780796.00,2026-10-05
VIVO,107498345.00,2026-10-05
VIVS,3257588.00,2026-10-05
VLGEA,681236586.00,2026-10-05
VLN,201109057.00,2026-10-05
VLRS,754111527.00,2026-10-05
VMAR,4179494.00,2026-10-05
VMD,347745522.00,2026-10-05
VMET,926139105.00,2026-10-05
VNCE,135919865.00,2026-10-05
VNDA,279942241.00,2026-10-05
VNET,1461170000.00,2026-10-05
VNRX,7064257.00,2026-10-05
VNTG,19561648.00,2026-10-05
VOGX,270808236.00,2026-10-05
VOR,1105743275.00,2026-10-05
VOXR,349561279.00,2026-10-05
VOYG,1916662755.00,2026-10-05
VPG,1053246400.00,2026-10-05
VRA,146599073.00,2026-10-05
VRAX,2958974.00,2026-10-05
VRCA,75243083.00,2026-10-05
VREX,777166000.00,2026-10-05
VRM,47266208.00,2026-10-05
VRRM,427071679.00,2026-10-05
VRTS,886182149.00,2026-10-05
VRXA,159790829.00,2026-10-05
VS,6740721.00,2026-10-05
VSA,6172389.00,2026-10-05
VSME,2558229.00,2026-10-05
VSTM,697338496.00,2026-10-05
VSTS,1854206273.00,2026-10-05
VTEX,631426198.00,2026-10-05
VTGN,12469912.00,2026-10-05
VTIX,40765619.00,2026-10-05
VTN,187649978.00,2026-10-05
VTOL,1193386920.00,2026-10-05
VTS,710299828.00,2026-10-05
VTSI,31581751.00,2026-10-05
VTVT,120871579.00,2026-10-05
VUZI,251554405.00,2026-10-05
VVOS,3053916.00,2026-10-05
VWAV,10634494.00,2026-10-05
VYGR,150963973.00,2026-10-05
VYX,925068317.00,2026-10-05
VZLA,1281755308.00,2026-10-05
WABC,1377424719.00,2026-10-05
WAFU,6395311.00,2026-10-05
WASH,733598386.00,2026-10-05
WATR,60114963.00,2026-10-05
WATT,73731127.00,2026-10-05
WAVE,36439638.00,2026-10-05
WB,1555107381.00,2026-10-05
WBTN,1424966235.00,2026-10-05
WBUY,4295541.00,2026-10-05
WBX,65700522.00,2026-10-05
WCCB,638390875.00,2026-10-05
WCT,13855975.00,2026-10-05
WD,1166045558.00,2026-10-05
WEAV,589593507.00,2026-10-05
WEN,1166899972.00,2026-10-05
WEST,794686930.00,2026-10-05
WETH,13381534.00,2026-10-05
WETO,1164025.00,2026-10-05
WEYS,486049525.00,2026-10-05
WFCF,63391110.00,2026-10-05
WFF,100817441.00,2026-10-05
WGO,743471886.00,2026-10-05
WHG,187141211.00,2026-10-05
WHK,775380641.00,2026-10-05
WHLR,2728564.00,2026-10-05
WHR,1976193147.00,2026-10-05
WHWK,210933337.00,2026-10-05
WIMI,14136268.00,2026-10-05
WINA,1069352790.00,2026-10-05
WKC,1833785577.00,2026-10-05
WKHS,32457897.00,2026-10-05
WKSP,6992868.00,2026-10-05
WLDN,1120167972.00,2026-10-05
WLDS,4493735.00,2026-10-05
WLFC,965651549.00,2026-10-05
WLKP,749679846.00,2026-10-05
WLTH,1566449693.00,2026-10-05
WMK,1832089962.00,2026-10-05
WNC,571949909.00,2026-10-05
WNEB,279238997.00,2026-10-05
WNW,62798173.00,2026-10-05
WOK,7639558.00,2026-10-05
WOLF,1867390474.00,2026-10-05
WOOF,627258392.00,2026-10-05
WPRT,35711980.00,2026-10-05
WRAP,94927561.00,2026-10-05
WRD,1684663787.00,2026-10-05
WRLD,813445119.00,2026-10-05
WRN,493062429.00,2026-10-05
WS,1883496504.00,2026-10-05
WSBF,358461938.00,2026-10-05
WSBK,120003304.00,2026-10-05
WSHP,120359151.00,2026-10-05
WSTN,81758250.00,2026-10-05
WTBA,512675789.00,2026-10-05
WTF,120593680.00,2026-10-05
WTI,537356909.00,2026-10-05
WU,1871273886.00,2026-10-05
WVE,744842102.00,2026-10-05
WVVI,9809672.00,2026-10-05
WW,147381722.00,2026-10-05
WWR,65426644.00,2026-10-05
WWW,1575673709.00,2026-10-05
WXM,11722127.00,2026-10-05
WYFI,696546756.00,2026-10-05
WYHG,131300281.00,2026-10-05
WYY,75586808.00,2026-10-05
XAIR,2700519.00,2026-10-05
XBIO,5248725.00,2026-10-05
XBIT,66768131.00,2026-10-05
XBP,44805588.00,2026-10-05
XCH,14076060.00,2026-10-05
XCUR,7527894.00,2026-10-05
XELB,4310100.00,2026-10-05
XERS,1655468378.00,2026-10-05
XFOR,280585283.00,2026-10-05
XGN,197921020.00,2026-10-05
XHG,95879142.00,2026-10-05
XHLD,5848608.00,2026-10-05
XHR,1678874197.00,2026-10-05
XIFR,979494340.00,2026-10-05
XLAB,90068705.00,2026-10-05
XLO,59287142.00,2026-10-05
XMAX,557281627.00,2026-10-05
XNCR,1846938381.00,2026-10-05
XNDU,1308163303.00,2026-10-05
XNET,299809323.00,2026-10-05
XOS,46918912.00,2026-10-05
XPEL,1239856538.00,2026-10-05
XPER,264830993.00,2026-10-05
XPL,54254197.00,2026-10-05
XPOF,231822800.00,2026-10-05
XPON,4252492.00,2026-10-05
XPRO,1848343113.00,2026-10-05
XRAY,1728398105.00,2026-10-05
XRN,450218598.00,2026-10-05
XRTX,3113956.00,2026-10-05
XRX,396569823.00,2026-10-05
XTIA,29627898.00,2026-10-05
XTLB,5308120.00,2026-10-05
XTND,939981418.00,2026-10-05
XTNT,47852223.00,2026-10-05
XWEL,7196946.00,2026-10-05
XXII,652591.00,2026-10-05
XYF,270627230.00,2026-10-05
XZO,1297237219.00,2026-10-05
YAAS,18228979.00,2026-10-05
YALA,807730211.00,2026-10-05
YARW,207208119.00,2026-10-05
YB,596277801.00,2026-10-05
YCBD,5109501.00,2026-10-05
YDDL,80127666.00,2026-10-05
YDES,574442216.00,2026-10-05
YDKG,5154304.00,2026-10-05
YELP,990853719.00,2026-10-05
YEXT,644351363.00,2026-10-05
YFOR,18742575.00,2026-10-05
YHC,1668937.00,2026-10-05
YHGJ,7266745.00,2026-10-05
YI,28326224.00,2026-10-05
YIBO,62195932.00,2026-10-05
YJ,7979375.00,2026-10-05
YMAT,5794599.00,2026-10-05
YMT,28434638.00,2026-10-05
YORW,499191152.00,2026-10-05
YOUL,55325558.00,2026-10-05
YQ,38212022.00,2026-10-05
YRD,83735206.00,2026-10-05
YSG,247804661.00,2026-10-05
YSS,1233471293.00,2026-10-05
YSWY,1297388135.00,2026-10-05
YSXT,39279240.00,2026-10-05
YTRA,56422674.00,2026-10-05
YXT,14145969.00,2026-10-05
YYAI,4719375.00,2026-10-05
ZBAO,44650590.00,2026-10-05
ZBIO,1844175377.00,2026-10-05
ZCMD,8207965.00,2026-10-05
ZD,1892653882.00,2026-10-05
ZDAI,13240366.00,2026-10-05
ZDGE,54904575.00,2026-10-05
ZENA,114265660.00,2026-10-05
ZEO,18232199.00,2026-10-05
ZEPP,56020227.00,2026-10-05
ZH,300980350.00,2026-10-05
ZIP,291902879.00,2026-10-05
ZJK,118996161.00,2026-10-05
ZJYL,306897394.00,2026-10-05
ZKH,435438929.00,2026-10-05
ZKIN,103219467.00,2026-10-05
ZNB,5659580.00,2026-10-05
ZNTL,238564791.00,2026-10-05
ZONE,66962062.00,2026-10-05
ZOOZ,60873021.00,2026-10-05
ZSQR,210411576.00,2026-10-05
ZSTK,106047761.00,2026-10-05
ZTG,23417555.00,2026-10-05
ZUMZ,203743847.00,2026-10-05
ZURA,393857753.00,2026-10-05
ZVIA,93587935.00,2026-10-05
ZVRA,593243972.00,2026-10-05
ZYBT,58765306.00,2026-10-05
ZYME,1784624911.00,2026-10-05
